delta;pwm;rpm
4;0;0
8;0;0
12;0;0
16;0;0
20;0;0
24;0;0
28;0;0
32;0;0
36;0;0
40;0;0
44;0;0
48;0;0
52;0;0
56;0;0
60;0;0
64;0;0
68;0;0
72;0;0
76;0;0
80;0;0
84;0;0
88;0;0
92;0;0
96;0;0
100;0;0
104;0;0
108;0;0
112;0;0
116;0;0
120;0;0
124;0;0
128;0;0
132;0;0
140;0;0
144;0;0
148;0;0
152;0;0
156;0;0
160;0;0
164;0;0
168;0;0
172;0;0
176;0;0
180;0;0
184;0;0
188;0;0
192;0;0
196;0;0
200;0;0
204;0;0
208;0;0
212;0;0
216;0;0
220;0;0
224;0;0
228;0;0
232;0;0
236;0;0
240;0;0
244;0;0
248;0;0
252;0;0
256;0;0
260;0;0
264;0;0
268;0;0
303;0;0
307;0;0
311;0;0
315;0;0
319;0;0
323;0;0
327;0;0
331;0;0
335;0;0
339;0;0
343;0;0
347;0;0
351;0;0
355;0;0
359;0;0
363;0;0
367;0;0
371;0;0
375;0;0
379;0;0
383;0;0
390;0;0
394;0;0
398;0;0
402;0;0
406;0;0
410;0;0
414;0;0
418;0;0
422;0;0
426;0;0
430;0;0
434;0;0
438;0;0
442;0;0
446;0;0
450;0;0
454;0;0
458;0;0
462;0;0
466;0;0
470;0;0
474;0;0
478;0;0
482;0;0
486;0;0
490;0;0
494;0;0
498;0;0
502;0;0
506;0;0
510;0;0
514;0;0
518;0;0
522;0;0
526;0;0
530;0;0
534;0;0
538;0;0
542;0;0
546;0;0
550;0;0
554;0;0
558;0;0
562;0;0
566;0;0
570;0;0
574;0;0
578;0;0
582;0;0
586;0;0
590;0;0
594;0;0
598;0;0
602;0;0
608;0;0
612;0;0
616;0;0
620;0;0
624;0;0
628;0;0
632;0;0
636;0;0
640;0;0
644;0;0
648;0;0
652;0;0
656;0;0
660;0;0
664;0;0
668;0;0
672;0;0
676;0;0
680;0;0
684;0;0
688;0;0
692;0;0
696;0;0
700;0;0
704;0;0
708;0;0
712;0;0
716;0;0
720;0;0
724;0;0
728;0;0
732;0;0
736;0;0
740;0;0
744;0;0
748;0;0
752;0;0
756;0;0
760;0;0
764;0;0
768;0;0
772;0;0
776;0;0
780;0;0
784;0;0
788;0;0
792;0;0
796;0;0
800;0;0
804;0;0
808;0;0
812;0;0
816;0;0
822;0;0
826;0;0
830;0;0
834;0;0
838;0;0
842;0;0
846;0;0
850;0;0
854;0;0
858;0;0
862;0;0
866;0;0
870;0;0
874;0;0
878;0;0
882;0;0
886;0;0
890;0;0
894;0;0
898;0;0
902;0;0
906;0;0
910;0;0
914;0;0
918;0;0
922;0;0
926;0;0
930;0;0
934;0;0
938;0;0
942;0;0
946;0;0
950;0;0
954;0;0
958;0;0
962;0;0
966;0;0
970;0;0
974;0;0
978;0;0
982;0;0
986;0;0
990;0;0
994;0;0
998;0;0
1002;0;0
1006;0;0
1010;0;0
1014;0;0
1018;0;0
1022;0;0
1026;0;0
1030;0;0
1036;0;0
1040;0;0
1044;0;0
1048;0;0
1052;0;0
1056;0;0
1060;0;0
1064;0;0
1068;0;0
1072;0;0
1076;0;0
1080;0;0
1084;0;0
1088;0;0
1092;0;0
1096;0;0
1100;0;0
1104;0;0
1108;0;0
1112;0;0
1116;0;0
1120;0;0
1124;0;0
1128;0;0
1132;0;0
1136;0;0
1140;0;0
1144;0;0
1148;0;0
1152;0;0
1156;0;0
1160;0;0
1164;0;0
1168;0;0
1172;0;0
1176;0;0
1180;0;0
1184;0;0
1188;0;0
1192;0;0
1196;0;0
1200;0;0
1204;0;0
1208;0;0
1212;0;0
1216;0;0
1220;0;0
1224;0;0
1228;0;0
1232;0;0
1236;0;0
1240;0;0
1244;0;0
1248;0;0
1254;0;0
1258;0;0
1262;0;0
1266;0;0
1270;0;0
1274;0;0
1278;0;0
1282;0;0
1286;0;0
1290;0;0
1294;0;0
1298;0;0
1302;0;0
1306;0;0
1310;0;0
1314;0;0
1318;0;0
1322;0;0
1326;0;0
1330;0;0
1334;0;0
1338;0;0
1342;0;0
1346;0;0
1350;0;0
1354;0;0
1358;0;0
1362;0;0
1366;0;0
1370;0;0
1374;0;0
1378;0;0
1382;0;0
1386;0;0
1390;0;0
1394;0;0
1398;0;0
1402;0;0
1406;0;0
1410;0;0
1414;0;0
1418;0;0
1422;0;0
1426;0;0
1430;0;0
1434;0;0
1438;0;0
1442;0;0
1446;0;0
1450;0;0
1454;0;0
1458;0;0
1462;0;0
1468;0;0
1472;0;0
1476;0;0
1480;0;0
1484;0;0
1488;0;0
1492;0;0
1496;0;0
1500;0;0
1504;0;0
1508;0;0
1512;0;0
1516;0;0
1520;0;0
1524;0;0
1528;0;0
1532;0;0
1536;0;0
1540;0;0
1544;0;0
1548;0;0
1552;0;0
1556;0;0
1560;0;0
1564;0;0
1568;0;0
1572;0;0
1576;0;0
1580;0;0
1584;0;0
1588;0;0
1592;0;0
1596;0;0
1600;0;0
1604;0;0
1608;0;0
1612;0;0
1616;0;0
1620;0;0
1624;0;0
1628;0;0
1632;0;0
1636;0;0
1640;0;0
1644;0;0
1648;0;0
1652;0;0
1656;0;0
1660;0;0
1664;0;0
1668;0;0
1672;0;0
1676;0;0
1680;0;0
1686;0;0
1690;0;0
1694;0;0
1698;0;0
1702;0;0
1706;0;0
1710;0;0
1714;0;0
1718;0;0
1722;0;0
1726;0;0
1730;0;0
1734;0;0
1738;0;0
1742;0;0
1746;0;0
1750;0;0
1754;0;0
1758;0;0
1762;0;0
1766;0;0
1770;0;0
1774;0;0
1778;0;0
1782;0;0
1786;0;0
1790;0;0
1794;0;0
1798;0;0
1802;0;0
1806;0;0
1810;0;0
1814;0;0
1818;0;0
1822;0;0
1826;0;0
1830;0;0
1834;0;0
1838;0;0
1842;0;0
1846;0;0
1850;0;0
1854;0;0
1858;0;0
1862;0;0
1866;0;0
1870;0;0
1874;0;0
1878;0;0
1882;0;0
1886;0;0
1890;0;0
1894;0;0
1900;0;0
1904;0;0
1908;0;0
1912;0;0
1916;0;0
1920;0;0
1924;0;0
1928;0;0
1932;0;0
1936;0;0
1940;0;0
1944;0;0
1948;0;0
1952;0;0
1956;0;0
1960;0;0
1964;0;0
1968;0;0
1972;0;0
1976;0;0
1980;0;0
1984;0;0
1988;0;0
2018;0;0
2118;20;750
2122;20;0
2126;20;750
2130;20;750
2138;20;750
2142;20;750
2146;20;0
2150;20;750
2154;20;0
2158;20;750
2162;20;0
2166;20;750
2170;20;0
2174;20;750
2178;20;0
2182;20;750
2186;20;750
2190;20;0
2194;20;1500
2198;20;0
2202;20;1500
2206;20;750
2210;20;0
2214;20;750
2218;20;0
2222;20;750
2226;20;750
2230;20;750
2234;20;1500
2238;20;750
2242;20;750
2246;20;0
2250;20;750
2254;20;750
2258;20;750
2262;20;0
2266;20;750
2270;20;750
2274;20;750
2278;20;750
2282;20;1500
2286;20;0
2290;20;750
2294;20;750
2298;20;750
2302;20;750
2306;20;750
2310;20;1500
2314;20;1500
2318;20;1500
2322;20;750
2326;20;1500
2330;20;1500
2334;20;1500
2338;20;1500
2342;20;1500
2346;20;1500
2350;20;0
2354;20;2250
2361;20;2250
2365;20;1500
2369;20;1500
2373;20;1500
2377;20;750
2381;20;750
2385;20;1500
2389;20;1500
2393;20;750
2397;20;1500
2401;20;750
2405;20;750
2409;20;2250
2413;20;750
2417;20;1500
2421;20;750
2425;20;750
2429;20;1500
2433;20;750
2437;20;1500
2441;20;1500
2445;20;750
2449;20;1500
2453;20;750
2457;20;750
2461;20;750
2465;20;1500
2469;20;750
2473;20;750
2477;20;750
2481;20;750
2485;20;750
2489;20;1500
2493;20;750
2497;20;1500
2501;20;2250
2505;20;1500
2509;20;1500
2513;20;750
2517;20;750
2521;20;2250
2525;20;750
2529;20;750
2533;20;750
2537;20;1500
2541;20;750
2545;20;750
2549;20;1500
2553;20;1500
2557;20;750
2561;20;1500
2565;20;750
2569;20;750
2573;20;1500
2577;20;750
2581;20;750
2585;20;1500
2593;20;1500
2597;20;750
2601;20;1500
2605;20;750
2609;20;1500
2613;20;750
2617;20;750
2621;20;1500
2625;20;1500
2629;20;1500
2633;20;750
2637;20;750
2641;20;1500
2645;20;750
2649;20;750
2653;20;1500
2657;20;750
2661;20;750
2665;20;1500
2669;20;750
2673;20;2250
2677;20;1500
2681;20;2250
2685;20;750
2689;20;1500
2693;20;750
2697;20;750
2701;20;2250
2705;20;750
2709;20;1500
2713;20;1500
2717;20;750
2721;20;1500
2725;20;750
2729;20;1500
2733;20;750
2737;20;1500
2741;20;1500
2745;20;1500
2749;20;750
2753;20;1500
2757;20;750
2761;20;1500
2765;20;750
2769;20;750
2773;20;1500
2777;20;750
2781;20;3000
2785;20;1500
2789;20;750
2793;20;1500
2797;20;750
2801;20;1500
2805;20;750
2809;20;3000
2813;20;1500
2817;20;750
2825;20;2250
2829;20;1500
2833;20;750
2837;20;1500
2841;20;1500
2845;20;750
2849;20;1500
2853;20;750
2857;20;1500
2861;20;750
2865;20;2250
2869;20;750
2873;20;1500
2877;20;750
2881;20;1500
2885;20;750
2889;20;1500
2893;20;1500
2897;20;2250
2901;20;750
2905;20;1500
2909;20;750
2913;20;1500
2917;20;750
2921;20;1500
2925;20;750
2929;20;1500
2933;20;1500
2937;20;1500
2941;20;1500
2945;20;750
2949;20;2250
2953;20;1500
2957;20;750
2961;20;1500
2965;20;750
2969;20;2250
2973;20;750
2977;20;1500
2981;20;750
2985;20;1500
2989;20;750
2993;20;1500
2997;20;2250
3001;20;750
3005;20;1500
3009;20;750
3013;20;1500
3017;20;750
3021;20;1500
3025;20;1500
3029;20;1500
3033;20;750
3037;20;1500
3041;20;1500
3045;20;750
3053;20;2250
3057;20;2250
3061;20;1500
3065;20;750
3069;20;1500
3073;20;1500
3077;20;1500
3081;20;750
3085;20;1500
3089;20;750
3093;20;1500
3097;20;1500
3101;20;750
3105;20;1500
3109;20;1500
3113;20;750
3117;20;1500
3121;20;1500
3125;20;1500
3129;20;750
3133;20;1500
3137;20;750
3141;20;1500
3145;20;1500
3149;20;750
3153;20;2250
3157;20;750
3161;20;1500
3165;20;1500
3169;20;750
3173;20;1500
3177;20;1500
3181;20;1500
3185;20;750
3189;20;3000
3193;20;750
3197;20;1500
3201;20;1500
3205;20;2250
3209;20;1500
3213;20;750
3217;20;1500
3221;20;3750
3225;20;750
3229;20;1500
3233;20;750
3237;20;3000
3241;20;750
3245;20;1500
3249;20;750
3253;20;1500
3257;20;1500
3261;20;750
3265;20;1500
3269;20;1500
3273;20;1500
3277;20;1500
3285;20;3000
3289;20;750
3293;20;1500
3297;20;750
3301;20;1500
3305;20;1500
3309;20;750
3313;20;1500
3317;20;750
3321;20;1500
3325;20;750
3329;20;1500
3333;20;750
3337;20;1500
3341;20;1500
3345;20;1500
3349;20;1500
3353;20;1500
3357;20;750
3361;20;1500
3365;20;750
3369;20;1500
3373;20;750
3377;20;2250
3381;20;750
3385;20;1500
3389;20;1500
3393;20;750
3397;20;1500
3401;20;750
3405;20;1500
3409;20;1500
3413;20;1500
3417;20;1500
3421;20;750
3425;20;1500
3429;20;2250
3433;20;1500
3437;20;750
3441;20;1500
3445;20;750
3449;20;2250
3480;20;1500
3484;20;1500
3488;20;750
3492;20;1500
3496;20;750
3500;20;1500
3504;20;1500
3508;20;750
3512;20;1500
3516;20;750
3520;20;1500
3524;20;1500
3528;20;1500
3532;20;1500
3536;20;750
3540;20;1500
3546;20;1500
3550;20;1500
3554;20;1500
3558;20;1500
3562;20;750
3566;20;1500
3570;20;1500
3574;20;750
3578;20;1500
3582;20;750
3586;20;1500
3590;20;750
3594;20;1500
3598;20;1500
3602;20;750
3606;20;1500
3610;20;1500
3614;20;750
3618;20;1500
3622;20;750
3626;20;1500
3630;20;750
3634;20;1500
3638;20;1500
3642;20;750
3646;20;1500
3650;20;750
3654;20;1500
3658;20;1500
3662;20;1500
3666;20;750
3670;20;1500
3674;20;750
3678;20;1500
3682;20;750
3686;20;1500
3690;20;1500
3694;20;750
3698;20;1500
3702;20;2250
3706;20;750
3710;20;1500
3714;20;2250
3718;20;750
3722;20;1500
3726;20;1500
3730;20;750
3734;20;1500
3738;20;750
3742;20;1500
3746;20;2250
3750;20;1500
3754;20;750
3758;20;1500
3762;20;1500
3766;20;750
3774;20;3000
3778;20;1500
3782;20;1500
3786;20;1500
3790;20;750
3794;20;1500
3798;20;1500
3802;20;1500
3806;20;750
3810;20;1500
3814;20;1500
3818;20;750
3822;20;1500
3826;20;1500
3830;20;750
3834;20;1500
3838;20;1500
3842;20;1500
3846;20;750
3850;20;1500
3854;20;1500
3858;20;1500
3862;20;750
3866;20;1500
3870;20;1500
3874;20;750
3878;20;1500
3882;20;2250
3886;20;750
3890;20;1500
3894;20;1500
3898;20;1500
3902;20;750
3906;20;1500
3910;20;1500
3914;20;1500
3918;20;750
3922;20;1500
3926;20;1500
3930;20;750
3934;20;1500
3938;20;1500
3942;20;1500
3946;20;1500
3950;20;2250
3954;20;1500
3958;20;1500
3962;20;750
3966;20;1500
3970;20;1500
3974;20;1500
3978;20;1500
3982;20;1500
3986;20;1500
3990;20;1500
3994;20;750
3998;20;1500
4007;20;3000
4011;20;3000
4015;20;750
4119;40;3750
4123;40;4500
4127;40;6000
4131;40;2250
4135;40;6000
4139;40;3750
4143;40;3750
4147;40;3000
4151;40;3000
4155;40;6750
4159;40;3750
4163;40;4500
4167;40;6000
4171;40;3000
4175;40;5250
4179;40;4500
4183;40;6000
4187;40;4500
4191;40;5250
4195;40;6000
4199;40;6750
4203;40;3750
4207;40;5250
4211;40;6000
4215;40;5250
4219;40;3750
4223;40;4500
4231;40;5250
4236;40;7500
4240;40;6000
4244;40;5250
4248;40;6000
4252;40;5250
4256;40;6000
4260;40;7500
4264;40;6000
4268;40;6000
4272;40;6000
4276;40;6750
4280;40;6000
4284;40;6000
4288;40;4500
4292;40;6000
4296;40;5250
4300;40;6000
4304;40;7500
4308;40;4500
4312;40;7500
4316;40;6000
4320;40;4500
4324;40;6750
4328;40;7500
4332;40;5250
4336;40;6750
4340;40;6750
4344;40;8250
4348;40;6000
4352;40;9000
4356;40;12000
4360;40;9750
4364;40;8250
4368;40;9000
4372;40;7500
4376;40;8250
4380;40;9000
4384;40;8250
4388;40;9750
4392;40;14250
4396;40;7500
4400;40;12000
4404;40;5250
4408;40;6750
4412;40;8250
4416;40;11250
4420;40;9750
4424;40;10500
4428;40;9750
4432;40;9750
4436;40;14250
4440;40;9000
4444;40;7500
4448;40;11250
4452;40;11250
4456;40;9750
4460;40;10500
4464;40;12000
4468;40;10500
4472;40;12750
4476;40;9000
4480;40;10500
4484;40;12750
4488;40;11250
4492;40;10500
4496;40;9750
4500;40;11250
4506;40;3000
4510;40;14250
4514;40;10500
4518;40;9000
4522;40;11250
4526;40;9000
4530;40;12000
4534;40;9750
4538;40;12750
4542;40;11250
4546;40;5250
4550;40;11250
4554;40;13500
4558;40;11250
4562;40;13500
4566;40;10500
4570;40;15000
4574;40;9750
4578;40;12000
4582;40;12000
4586;40;12750
4590;40;12750
4594;40;11250
4598;40;11250
4602;40;12750
4606;40;11250
4610;40;11250
4614;40;12750
4618;40;12750
4622;40;12750
4626;40;12000
4630;40;12000
4634;40;11250
4638;40;13500
4642;40;12000
4646;40;12750
4650;40;14250
4654;40;8250
4658;40;12750
4662;40;13500
4666;40;9000
4670;40;12750
4674;40;13500
4678;40;14250
4682;40;11250
4686;40;14250
4690;40;14250
4694;40;9750
4698;40;10500
4702;40;14250
4706;40;12000
4710;40;11250
4714;40;12000
4718;40;15000
4722;40;10500
4726;40;12750
4730;40;14250
4734;40;12750
4738;40;10500
4742;40;11250
4746;40;15750
4750;40;15000
4754;40;12000
4758;40;12000
4762;40;12000
4766;40;16500
4770;40;15000
4774;40;12750
4778;40;11250
4782;40;12750
4786;40;15750
4790;40;12750
4794;40;11250
4798;40;12750
4805;40;5250
4809;40;19500
4813;40;12000
4817;40;12750
4821;40;12000
4825;40;16500
4829;40;13500
4833;40;12000
4837;40;12000
4841;40;13500
4874;40;8250
4878;40;12750
4882;40;12000
4886;40;12000
4890;40;12750
4894;40;14250
4898;40;15750
4902;40;12750
4906;40;13500
4910;40;10500
4914;40;12750
4918;40;13500
4922;40;14250
4926;40;17250
4930;40;11250
4934;40;12750
4938;40;11250
4942;40;11250
4946;40;10500
4950;40;12000
4954;40;16500
4958;40;12750
4962;40;12000
4966;40;11250
4970;40;12750
4974;40;12000
4978;40;13500
4982;40;12000
4986;40;14250
4990;40;15000
4994;40;11250
4998;40;14250
5002;40;11250
5006;40;10500
5010;40;12750
5014;40;12000
5018;40;14250
5022;40;12000
5026;40;13500
5030;40;17250
5034;40;15750
5038;40;12000
5042;40;12000
5046;40;12750
5050;40;12000
5054;40;11250
5058;40;13500
5062;40;14250
5066;40;14250
5070;40;16500
5074;40;15000
5078;40;12000
5082;40;13500
5086;40;11250
5090;40;10500
5094;40;11250
5098;40;12000
5102;40;11250
5106;40;12000
5110;40;16500
5114;40;14250
5118;40;15000
5122;40;15750
5126;40;12750
5135;40;12000
5139;40;15000
5143;40;10500
5147;40;13500
5151;40;10500
5155;40;14250
5159;40;13500
5163;40;15000
5167;40;17250
5171;40;8250
5175;40;18000
5179;40;12750
5183;40;14250
5187;40;10500
5191;40;10500
5195;40;10500
5199;40;11250
5203;40;11250
5207;40;12000
5211;40;12000
5215;40;11250
5219;40;13500
5223;40;15000
5227;40;12750
5231;40;14250
5235;40;13500
5239;40;14250
5243;40;15750
5247;40;15000
5251;40;13500
5255;40;12750
5259;40;12000
5263;40;10500
5267;40;13500
5271;40;12000
5275;40;11250
5279;40;12750
5283;40;12000
5287;40;10500
5291;40;12750
5295;40;14250
5299;40;12750
5303;40;12000
5307;40;12000
5311;40;15000
5315;40;12000
5319;40;12000
5323;40;17250
5327;40;15750
5331;40;15750
5335;40;13500
5339;40;15750
5343;40;11250
5347;40;12750
5351;40;11250
5355;40;12750
5359;40;13500
5363;40;11250
5367;40;12000
5371;40;12000
5375;40;11250
5379;40;11250
5383;40;14250
5387;40;12000
5391;40;14250
5395;40;13500
5399;40;11250
5403;40;15750
5407;40;12750
5411;40;17250
5415;40;14250
5419;40;16500
5423;40;15750
5427;40;15000
5431;40;15000
5439;40;10500
5443;40;14250
5447;40;12750
5451;40;11250
5455;40;11250
5459;40;9000
5463;40;9750
5467;40;7500
5471;40;12000
5475;40;13500
5479;40;12000
5483;40;9750
5487;40;12000
5491;40;12000
5495;40;15000
5499;40;13500
5503;40;14250
5507;40;11250
5511;40;12750
5515;40;12750
5519;40;13500
5523;40;16500
5527;40;12750
5531;40;17250
5535;40;15750
5539;40;14250
5543;40;15750
5547;40;18000
5551;40;16500
5555;40;14250
5559;40;13500
5563;40;13500
5567;40;11250
5571;40;12000
5575;40;13500
5579;40;11250
5583;40;12750
5587;40;10500
5591;40;12000
5595;40;12000
5599;40;12750
5603;40;11250
5607;40;12000
5611;40;12000
5615;40;10500
5619;40;12750
5623;40;13500
5627;40;12750
5631;40;12750
5635;40;13500
5639;40;12000
5643;40;10500
5647;40;10500
5651;40;12750
5655;40;13500
5659;40;14250
5663;40;13500
5667;40;11250
5671;40;12000
5675;40;15000
5679;40;12750
5683;40;15750
5687;40;10500
5691;40;12750
5695;40;12000
5699;40;13500
5703;40;12000
5707;40;10500
5711;40;13500
5715;40;12000
5719;40;12000
5723;40;12000
5727;40;13500
5731;40;13500
5739;40;9000
5743;40;14250
5747;40;12750
5751;40;10500
5755;40;10500
5759;40;12000
5763;40;7500
5767;40;12750
5771;40;14250
5775;40;15000
5779;40;15000
5783;40;15000
5787;40;12000
5791;40;18000
5795;40;12750
5799;40;18750
5803;40;14250
5807;40;13500
5811;40;18750
5815;40;14250
5819;40;16500
5823;40;15750
5827;40;18000
5831;40;13500
5835;40;14250
5839;40;14250
5843;40;13500
5847;40;12750
5851;40;12750
5855;40;11250
5859;40;12750
5863;40;12750
5867;40;9750
5871;40;12750
5875;40;12000
5879;40;12000
5883;40;10500
5887;40;12000
5891;40;12000
5895;40;12750
5899;40;10500
5903;40;9750
5907;40;12000
5911;40;12000
5915;40;11250
5919;40;12000
5923;40;12000
5927;40;12750
5931;40;13500
5935;40;11250
5939;40;10500
5943;40;11250
5947;40;13500
5951;40;12750
5955;40;11250
5959;40;10500
5963;40;14250
5967;40;9750
5971;40;12000
5975;40;10500
5979;40;13500
5983;40;13500
5987;40;15750
5991;40;13500
5995;40;13500
5999;40;15000
6003;40;12750
6007;40;15000
6011;40;13500
6015;40;16500
6120;60;12750
6124;60;16500
6128;60;11250
6132;60;18000
6136;60;12000
6140;60;18000
6144;60;13500
6148;60;15000
6152;60;14250
6156;60;18750
6190;60;9000
6194;60;19500
6198;60;12750
6202;60;16500
6206;60;16500
6210;60;13500
6214;60;15750
6218;60;11250
6222;60;21000
6226;60;14250
6230;60;15750
6234;60;12000
6238;60;13500
6242;60;14250
6246;60;15000
6250;60;16500
6254;60;11250
6258;60;16500
6262;60;12750
6266;60;16500
6270;60;13500
6274;60;17250
6278;60;12750
6282;60;14250
6286;60;16500
6290;60;12000
6294;60;19500
6298;60;12750
6302;60;16500
6306;60;12750
6310;60;17250
6314;60;14250
6318;60;14250
6322;60;15000
6326;60;15000
6330;60;17250
6334;60;15000
6338;60;18000
6342;60;15000
6346;60;15750
6350;60;17250
6354;60;13500
6358;60;14250
6365;60;6000
6369;60;17250
6373;60;15750
6377;60;14250
6381;60;14250
6385;60;17250
6389;60;12750
6393;60;19500
6397;60;12750
6401;60;17250
6405;60;14250
6409;60;18000
6413;60;15000
6417;60;12750
6421;60;16500
6425;60;12000
6429;60;17250
6433;60;16500
6437;60;15750
6441;60;14250
6445;60;11250
6449;60;19500
6453;60;12750
6457;60;15000
6461;60;12750
6465;60;18750
6469;60;14250
6473;60;13500
6477;60;18750
6481;60;7500
6485;60;17250
6489;60;12000
6493;60;18000
6497;60;18000
6501;60;10500
6505;60;17250
6509;60;12750
6513;60;15750
6517;60;12750
6521;60;15000
6525;60;18000
6529;60;13500
6533;60;17250
6537;60;13500
6541;60;15750
6545;60;13500
6549;60;17250
6553;60;18750
6557;60;12750
6561;60;18000
6565;60;15750
6569;60;15750
6573;60;13500
6577;60;15000
6581;60;14250
6585;60;12000
6589;60;18000
6593;60;15750
6597;60;17250
6601;60;14250
6605;60;11250
6609;60;14250
6613;60;14250
6617;60;15750
6621;60;15000
6625;60;13500
6629;60;15000
6633;60;15000
6637;60;18000
6641;60;15750
6645;60;13500
6649;60;12750
6653;60;13500
6657;60;15000
6661;60;11250
6665;60;21750
6669;60;11250
6676;60;6750
6680;60;16500
6684;60;14250
6688;60;18750
6692;60;18750
6696;60;10500
6700;60;18000
6704;60;12000
6708;60;16500
6712;60;13500
6716;60;17250
6720;60;15000
6724;60;13500
6728;60;18000
6732;60;15000
6736;60;18750
6740;60;14250
6744;60;16500
6748;60;18000
6752;60;12750
6756;60;17250
6760;60;10500
6764;60;13500
6768;60;12750
6772;60;12000
6776;60;7500
6780;60;16500
6784;60;17250
6788;60;15000
6792;60;14250
6796;60;15750
6800;60;13500
6804;60;19500
6808;60;13500
6812;60;13500
6816;60;14250
6820;60;15000
6824;60;15000
6828;60;13500
6832;60;20250
6836;60;11250
6840;60;14250
6844;60;13500
6848;60;18750
6852;60;16500
6856;60;12750
6860;60;18000
6864;60;12750
6868;60;18000
6872;60;15000
6876;60;14250
6880;60;17250
6884;60;15000
6888;60;15750
6892;60;15000
6896;60;15750
6900;60;14250
6904;60;12000
6908;60;14250
6912;60;12000
6916;60;16500
6920;60;13500
6924;60;12000
6928;60;13500
6932;60;12750
6936;60;18750
6940;60;15000
6944;60;15000
6948;60;12750
6952;60;15750
6956;60;15000
6960;60;12000
6964;60;15000
6968;60;13500
6972;60;15000
6976;60;12750
6980;60;14250
6987;60;3750
6991;60;24000
6995;60;11250
6999;60;18750
7003;60;12750
7007;60;15750
7011;60;13500
7015;60;15750
7019;60;15000
7023;60;12000
7027;60;15750
7031;60;13500
7035;60;15000
7039;60;12750
7043;60;16500
7047;60;17250
7051;60;13500
7055;60;18000
7059;60;15750
7063;60;17250
7067;60;12750
7071;60;15000
7075;60;7500
7079;60;14250
7083;60;13500
7087;60;15000
7091;60;12750
7095;60;13500
7099;60;15000
7103;60;15000
7107;60;12000
7111;60;15000
7115;60;15000
7119;60;14250
7123;60;15000
7127;60;12750
7131;60;17250
7135;60;12000
7139;60;12750
7143;60;15000
7147;60;14250
7151;60;17250
7155;60;14250
7159;60;18750
7163;60;12000
7167;60;18000
7171;60;14250
7175;60;15000
7179;60;18000
7183;60;11250
7187;60;18750
7191;60;12750
7195;60;15750
7199;60;15000
7203;60;15000
7207;60;18000
7211;60;12750
7215;60;17250
7219;60;15000
7223;60;14250
7227;60;14250
7231;60;14250
7235;60;15750
7239;60;13500
7243;60;15000
7247;60;15000
7251;60;13500
7255;60;15000
7259;60;13500
7263;60;15750
7267;60;13500
7271;60;16500
7275;60;13500
7279;60;14250
7283;60;13500
7287;60;13500
7296;60;17250
7300;60;15750
7304;60;14250
7308;60;10500
7312;60;18750
7316;60;13500
7320;60;15000
7324;60;14250
7328;60;17250
7332;60;18000
7336;60;13500
7340;60;15000
7344;60;12750
7348;60;15000
7352;60;14250
7356;60;15000
7360;60;17250
7364;60;14250
7368;60;16500
7401;60;7500
7405;60;15750
7409;60;15000
7413;60;13500
7417;60;15750
7421;60;15000
7425;60;15000
7429;60;16500
7433;60;14250
7437;60;18000
7441;60;14250
7445;60;14250
7449;60;14250
7453;60;15000
7457;60;17250
7461;60;12750
7465;60;18000
7469;60;13500
7473;60;16500
7477;60;14250
7481;60;17250
7485;60;17250
7489;60;12000
7493;60;18750
7497;60;15000
7501;60;18000
7505;60;14250
7509;60;12750
7513;60;16500
7517;60;12750
7521;60;15000
7525;60;12750
7529;60;12750
7533;60;15000
7537;60;13500
7541;60;18000
7545;60;15000
7549;60;15750
7553;60;15000
7557;60;12750
7561;60;14250
7565;60;12000
7569;60;20250
7573;60;12750
7577;60;15000
7581;60;14250
7585;60;15000
7589;60;16500
7593;60;11250
7597;60;15750
7601;60;15000
7605;60;17250
7609;60;14250
7613;60;15750
7617;60;15750
7621;60;12750
7625;60;15000
7629;60;12750
7636;60;5250
7640;60;18750
7644;60;15000
7648;60;13500
7652;60;18750
7656;60;12000
7660;60;14250
7664;60;14250
7668;60;15750
7672;60;15000
7676;60;13500
7680;60;16500
7684;60;11250
7688;60;15000
7692;60;14250
7696;60;7500
7700;60;18000
7704;60;12750
7708;60;18000
7712;60;16500
7716;60;17250
7720;60;12750
7724;60;11250
7728;60;15750
7732;60;12750
7736;60;15000
7740;60;15750
7744;60;12750
7748;60;15000
7752;60;12750
7756;60;16500
7760;60;13500
7764;60;17250
7768;60;14250
7772;60;18000
7776;60;17250
7780;60;13500
7784;60;15000
7788;60;15000
7792;60;16500
7796;60;15750
7800;60;14250
7804;60;17250
7808;60;11250
7812;60;15750
7816;60;16500
7820;60;12750
7824;60;12000
7828;60;14250
7832;60;15750
7836;60;12000
7840;60;14250
7844;60;13500
7848;60;14250
7852;60;13500
7856;60;12000
7860;60;20250
7864;60;13500
7868;60;16500
7872;60;13500
7876;60;14250
7880;60;16500
7884;60;12000
7888;60;17250
7892;60;12750
7896;60;15750
7900;60;15000
7904;60;13500
7908;60;16500
7912;60;13500
7916;60;14250
7920;60;16500
7924;60;13500
7928;60;15000
7932;60;12000
7936;60;16500
7940;60;13500
7946;60;3000
7950;60;21000
7954;60;12000
7958;60;14250
7962;60;14250
7966;60;15000
7970;60;15000
7974;60;15000
7978;60;17250
7982;60;13500
7986;60;16500
7990;60;6000
7994;60;12750
7998;60;18000
8002;60;15750
8006;60;17250
8010;60;14250
8014;60;12750
8018;60;14250
8118;80;20250
8122;80;14250
8126;80;16500
8130;80;18750
8134;80;16500
8138;80;16500
8142;80;16500
8146;80;16500
8150;80;20250
8154;80;18750
8158;80;15000
8162;80;18750
8166;80;15750
8170;80;20250
8174;80;18000
8178;80;15000
8182;80;17250
8186;80;20250
8190;80;15000
8194;80;21750
8198;80;17250
8202;80;19500
8206;80;18000
8210;80;15000
8214;80;18000
8218;80;17250
8222;80;14250
8226;80;20250
8230;80;17250
8234;80;19500
8238;80;17250
8247;80;15750
8251;80;20250
8255;80;16500
8259;80;15000
8263;80;20250
8267;80;17250
8271;80;21750
8275;80;17250
8279;80;17250
8283;80;15750
8287;80;15000
8291;80;14250
8295;80;16500
8299;80;21750
8303;80;17250
8307;80;14250
8311;80;18750
8315;80;15750
8319;80;16500
8323;80;15750
8327;80;19500
8331;80;19500
8335;80;18000
8339;80;16500
8343;80;15000
8347;80;13500
8351;80;15000
8355;80;18000
8359;80;14250
8363;80;18000
8367;80;17250
8371;80;18000
8375;80;21750
8379;80;21000
8383;80;7500
8387;80;18750
8391;80;16500
8395;80;18000
8399;80;18000
8403;80;15000
8407;80;15000
8411;80;20250
8415;80;18000
8419;80;16500
8423;80;17250
8427;80;16500
8431;80;17250
8435;80;16500
8439;80;16500
8443;80;18000
8447;80;17250
8451;80;17250
8455;80;16500
8459;80;15750
8463;80;16500
8467;80;16500
8471;80;18000
8475;80;15750
8479;80;15000
8483;80;15000
8487;80;22500
8491;80;16500
8495;80;14250
8499;80;15750
8503;80;18000
8507;80;17250
8511;80;16500
8515;80;12750
8519;80;19500
8523;80;13500
8527;80;16500
8531;80;19500
8535;80;18000
8539;80;15000
8543;80;17250
8547;80;15000
8551;80;14250
8555;80;18000
8559;80;18000
8563;80;18000
8570;80;6000
8574;80;21750
8578;80;16500
8582;80;14250
8586;80;16500
8590;80;16500
8594;80;17250
8598;80;15750
8602;80;15000
8606;80;15750
8610;80;15750
8614;80;15750
8618;80;18750
8622;80;15000
8626;80;14250
8630;80;16500
8634;80;16500
8638;80;18000
8642;80;18750
8646;80;17250
8650;80;18000
8654;80;16500
8658;80;13500
8662;80;15750
8666;80;17250
8670;80;18000
8674;80;16500
8678;80;17250
8709;80;8250
8713;80;14250
8717;80;13500
8721;80;18750
8725;80;17250
8729;80;18000
8733;80;16500
8737;80;16500
8741;80;18000
8745;80;17250
8749;80;18000
8753;80;18000
8757;80;17250
8761;80;17250
8765;80;18000
8769;80;15750
8773;80;19500
8777;80;17250
8781;80;15000
8785;80;12750
8789;80;17250
8793;80;15000
8797;80;16500
8801;80;17250
8805;80;15750
8809;80;18000
8813;80;21000
8817;80;18000
8821;80;15000
8825;80;17250
8829;80;14250
8833;80;21750
8837;80;16500
8841;80;15000
8845;80;18750
8849;80;17250
8853;80;18000
8857;80;19500
8861;80;14250
8865;80;18000
8869;80;18000
8873;80;16500
8877;80;15750
8881;80;14250
8885;80;21000
8889;80;19500
8893;80;15000
8897;80;17250
8901;80;18000
8905;80;17250
8909;80;18000
8918;80;15750
8922;80;17250
8926;80;20250
8930;80;16500
8934;80;17250
8938;80;15000
8942;80;13500
8946;80;17250
8950;80;15750
8954;80;18750
8958;80;15750
8962;80;15750
8966;80;15000
8970;80;18000
8974;80;17250
8978;80;18750
8982;80;14250
8986;80;15750
8990;80;17250
8994;80;12750
8998;80;18750
9002;80;7500
9006;80;18750
9010;80;15750
9014;80;16500
9018;80;16500
9022;80;17250
9026;80;17250
9030;80;17250
9034;80;18000
9038;80;20250
9042;80;17250
9046;80;19500
9050;80;13500
9054;80;15000
9058;80;18000
9062;80;16500
9066;80;15750
9070;80;17250
9074;80;14250
9078;80;15750
9082;80;17250
9086;80;16500
9090;80;20250
9094;80;20250
9098;80;16500
9102;80;15750
9106;80;15750
9110;80;15750
9114;80;17250
9118;80;16500
9122;80;18000
9126;80;18000
9130;80;18000
9134;80;17250
9138;80;14250
9142;80;15750
9146;80;15000
9150;80;16500
9154;80;15750
9158;80;17250
9162;80;20250
9166;80;17250
9170;80;17250
9174;80;18000
9178;80;15000
9182;80;18750
9186;80;17250
9190;80;15750
9194;80;18000
9198;80;16500
9202;80;18000
9206;80;15000
9210;80;17250
9214;80;15000
9218;80;17250
9222;80;19500
9226;80;15750
9230;80;15000
9239;80;15750
9243;80;18750
9247;80;16500
9251;80;15750
9255;80;15000
9259;80;15750
9263;80;16500
9267;80;18750
9271;80;18000
9275;80;21750
9279;80;14250
9283;80;15750
9287;80;21000
9291;80;15750
9295;80;20250
9299;80;17250
9303;80;8250
9307;80;18750
9311;80;16500
9315;80;14250
9319;80;21750
9323;80;17250
9327;80;15000
9331;80;15750
9335;80;16500
9339;80;17250
9343;80;14250
9347;80;15000
9351;80;21000
9355;80;13500
9359;80;16500
9363;80;22500
9367;80;13500
9371;80;16500
9375;80;17250
9379;80;16500
9383;80;17250
9387;80;20250
9391;80;16500
9395;80;15750
9399;80;14250
9403;80;18000
9407;80;18750
9411;80;15750
9415;80;18000
9419;80;20250
9423;80;15750
9427;80;16500
9431;80;17250
9435;80;18000
9439;80;16500
9443;80;17250
9447;80;15000
9451;80;15750
9455;80;15750
9459;80;16500
9463;80;15750
9467;80;17250
9471;80;15000
9475;80;18750
9479;80;18750
9483;80;15750
9487;80;16500
9491;80;15750
9495;80;16500
9499;80;15750
9503;80;16500
9507;80;19500
9511;80;15000
9515;80;15750
9519;80;19500
9523;80;17250
9527;80;14250
9531;80;18000
9535;80;18750
9539;80;17250
9543;80;16500
9547;80;15750
9551;80;17250
9560;80;16500
9564;80;17250
9568;80;16500
9572;80;15750
9576;80;18000
9580;80;15000
9584;80;17250
9588;80;16500
9592;80;15000
9596;80;16500
9600;80;8250
9604;80;15000
9608;80;21000
9612;80;15750
9616;80;15750
9620;80;15000
9624;80;15000
9628;80;20250
9632;80;17250
9636;80;14250
9640;80;23250
9644;80;15750
9648;80;18000
9652;80;17250
9656;80;19500
9660;80;16500
9664;80;16500
9668;80;18000
9672;80;15750
9676;80;16500
9680;80;14250
9684;80;21000
9688;80;17250
9692;80;14250
9696;80;18750
9700;80;16500
9704;80;20250
9708;80;15000
9712;80;15000
9716;80;16500
9720;80;15000
9724;80;15000
9728;80;21750
9732;80;17250
9736;80;15000
9740;80;17250
9744;80;15750
9748;80;16500
9752;80;18750
9756;80;16500
9760;80;17250
9764;80;14250
9768;80;15750
9772;80;16500
9776;80;14250
9780;80;15000
9784;80;18750
9788;80;20250
9792;80;18000
9796;80;21750
9800;80;15750
9804;80;15000
9808;80;18750
9812;80;13500
9816;80;15000
9820;80;17250
9824;80;15000
9828;80;18000
9832;80;20250
9836;80;18750
9840;80;19500
9844;80;17250
9848;80;13500
9852;80;17250
9856;80;16500
9860;80;15000
9864;80;15750
9868;80;16500
9872;80;19500
9876;80;20250
9883;80;6000
9887;80;17250
9891;80;18000
9925;80;9000
9929;80;15000
9933;80;18000
9937;80;18750
9941;80;16500
9945;80;18750
9949;80;15000
9953;80;20250
9957;80;16500
9961;80;14250
9965;80;21750
9969;80;16500
9973;80;14250
9977;80;21000
9981;80;15750
9985;80;16500
9989;80;17250
9993;80;17250
9997;80;16500
10001;80;16500
10005;80;14250
10009;80;21000
10013;80;15750
10017;80;16500
10121;100;21000
10125;100;19500
10129;100;19500
10133;100;20250
10137;100;19500
10141;100;20250
10145;100;19500
10149;100;23250
10153;100;21750
10157;100;24750
10161;100;21750
10165;100;20250
10169;100;19500
10173;100;26250
10177;100;21000
10181;100;20250
10185;100;22500
10189;100;23250
10193;100;19500
10197;100;23250
10201;100;19500
10205;100;20250
10209;100;20250
10213;100;22500
10217;100;24750
10226;100;15750
10230;100;22500
10234;100;23250
10238;100;18750
10242;100;21000
10246;100;21000
10250;100;19500
10254;100;19500
10258;100;20250
10262;100;24000
10266;100;19500
10270;100;20250
10274;100;23250
10278;100;18750
10282;100;19500
10286;100;23250
10290;100;23250
10294;100;19500
10298;100;9000
10302;100;21750
10306;100;20250
10310;100;21000
10314;100;23250
10318;100;24000
10322;100;22500
10326;100;17250
10330;100;21000
10334;100;20250
10338;100;21750
10342;100;22500
10346;100;24000
10350;100;18750
10354;100;19500
10358;100;19500
10362;100;20250
10366;100;21000
10370;100;22500
10374;100;22500
10378;100;18750
10382;100;21750
10386;100;22500
10390;100;20250
10394;100;18750
10398;100;21000
10402;100;21750
10406;100;21000
10410;100;22500
10414;100;21750
10418;100;18750
10422;100;20250
10426;100;21000
10430;100;21000
10434;100;19500
10438;100;22500
10442;100;20250
10446;100;19500
10450;100;18750
10454;100;23250
10458;100;21750
10462;100;19500
10466;100;22500
10470;100;21750
10474;100;19500
10478;100;21000
10482;100;21000
10486;100;20250
10490;100;22500
10494;100;21750
10498;100;21000
10502;100;18750
10506;100;21000
10510;100;24750
10514;100;18000
10518;100;22500
10522;100;22500
10526;100;18750
10530;100;19500
10534;100;20250
10538;100;19500
10542;100;20250
10546;100;19500
10550;100;21750
10554;100;9000
10558;100;19500
10562;100;20250
10571;100;20250
10575;100;22500
10579;100;20250
10583;100;22500
10587;100;21000
10591;100;19500
10595;100;22500
10599;100;22500
10603;100;19500
10607;100;18000
10611;100;20250
10615;100;18000
10619;100;18750
10623;100;23250
10627;100;20250
10631;100;22500
10635;100;21750
10639;100;20250
10643;100;20250
10647;100;21750
10651;100;20250
10655;100;19500
10659;100;23250
10663;100;20250
10667;100;21000
10671;100;21750
10675;100;20250
10679;100;24000
10683;100;18750
10687;100;18750
10691;100;22500
10695;100;19500
10699;100;21750
10703;100;21000
10707;100;20250
10711;100;17250
10715;100;20250
10719;100;21750
10723;100;20250
10727;100;22500
10731;100;22500
10735;100;21750
10739;100;18000
10743;100;18750
10747;100;23250
10751;100;18000
10755;100;18750
10759;100;26250
10763;100;21000
10767;100;19500
10771;100;21000
10775;100;21000
10779;100;18000
10783;100;21000
10787;100;21000
10791;100;22500
10795;100;18750
10799;100;20250
10803;100;23250
10807;100;18750
10811;100;19500
10815;100;7500
10819;100;18000
10823;100;20250
10827;100;26250
10831;100;21000
10835;100;20250
10839;100;21000
10843;100;21750
10847;100;17250
10851;100;21000
10855;100;18000
10859;100;20250
10863;100;21000
10867;100;21000
10871;100;20250
10875;100;19500
10879;100;21000
10883;100;20250
10887;100;17250
10891;100;20250
10895;100;21000
10899;100;18000
10903;100;22500
10910;100;6000
10914;100;21750
10918;100;23250
10922;100;18750
10926;100;21000
10930;100;18750
10934;100;21000
10938;100;21750
10942;100;20250
10946;100;21000
10950;100;21750
10954;100;18750
10958;100;19500
10962;100;23250
10966;100;18750
10970;100;18750
10974;100;24000
10978;100;18750
10982;100;21750
10986;100;25500
10990;100;20250
10994;100;20250
10998;100;19500
11002;100;21000
11006;100;21000
11010;100;18750
11014;100;21750
11018;100;18750
11022;100;23250
11026;100;24000
11030;100;19500
11034;100;19500
11038;100;19500
11042;100;22500
11046;100;20250
11050;100;19500
11054;100;23250
11058;100;22500
11062;100;18750
11066;100;24750
11070;100;19500
11103;100;10500
11107;100;18750
11111;100;21750
11115;100;21000
11119;100;21000
11123;100;21750
11127;100;19500
11131;100;17250
11135;100;21750
11139;100;20250
11143;100;19500
11147;100;18750
11151;100;20250
11155;100;22500
11159;100;18750
11163;100;23250
11167;100;22500
11171;100;18750
11175;100;18750
11179;100;22500
11183;100;19500
11187;100;20250
11191;100;24750
11195;100;19500
11199;100;19500
11203;100;21000
11207;100;23250
11211;100;19500
11215;100;18750
11219;100;21750
11223;100;19500
11227;100;19500
11231;100;22500
11235;100;19500
11239;100;23250
11243;100;19500
11247;100;24750
11251;100;20250
11255;100;19500
11259;100;22500
11263;100;19500
11267;100;18750
11271;100;21750
11279;100;9750
11283;100;25500
11287;100;18750
11291;100;21000
11295;100;20250
11299;100;21000
11303;100;19500
11307;100;19500
11311;100;21000
11315;100;21000
11319;100;18000
11323;100;23250
11327;100;22500
11331;100;18000
11335;100;20250
11339;100;21750
11343;100;18000
11347;100;21750
11351;100;21000
11355;100;18750
11359;100;7500
11363;100;21000
11367;100;24000
11371;100;21000
11375;100;21750
11379;100;20250
11383;100;17250
11387;100;22500
11391;100;19500
11395;100;19500
11399;100;21000
11403;100;20250
11407;100;20250
11411;100;21000
11415;100;19500
11419;100;22500
11423;100;16500
11427;100;21750
11431;100;24000
11435;100;18000
11439;100;19500
11443;100;22500
11447;100;18000
11451;100;18000
11455;100;24000
11459;100;18750
11463;100;19500
11467;100;21000
11471;100;21000
11475;100;22500
11479;100;23250
11483;100;21000
11487;100;22500
11491;100;21000
11495;100;21000
11499;100;19500
11503;100;20250
11507;100;19500
11511;100;20250
11515;100;21000
11519;100;23250
11523;100;20250
11527;100;18750
11531;100;21750
11535;100;21000
11539;100;18000
11543;100;19500
11547;100;20250
11551;100;17250
11555;100;21000
11559;100;22500
11563;100;16500
11567;100;20250
11571;100;23250
11575;100;18000
11579;100;20250
11583;100;21000
11587;100;18750
11591;100;22500
11595;100;18750
11599;100;18750
11603;100;18000
11607;100;18750
11616;100;18000
11621;100;9000
11625;100;19500
11629;100;21750
11633;100;16500
11637;100;18750
11641;100;21000
11645;100;18750
11649;100;21000
11653;100;21750
11657;100;21000
11661;100;19500
11665;100;20250
11669;100;22500
11673;100;18000
11677;100;21750
11681;100;23250
11685;100;18750
11689;100;20250
11693;100;20250
11697;100;24750
11701;100;18000
11705;100;19500
11709;100;21000
11713;100;19500
11717;100;19500
11721;100;21750
11725;100;18000
11729;100;20250
11733;100;21000
11737;100;18750
11741;100;19500
11745;100;21750
11749;100;19500
11753;100;18000
11757;100;21750
11761;100;20250
11765;100;18000
11769;100;20250
11773;100;21750
11777;100;21750
11781;100;21000
11785;100;21000
11789;100;21000
11793;100;19500
11797;100;20250
11801;100;18000
11805;100;19500
11809;100;23250
11813;100;21000
11817;100;19500
11821;100;20250
11825;100;21750
11829;100;18750
11833;100;21000
11837;100;21000
11841;100;19500
11845;100;21000
11849;100;21000
11853;100;15000
11857;100;20250
11861;100;19500
11865;100;19500
11869;100;18000
11873;100;21750
11877;100;8250
11881;100;21000
11885;100;20250
11889;100;22500
11893;100;19500
11897;100;23250
11901;100;24750
11905;100;16500
11909;100;19500
11913;100;21750
11917;100;18000
11921;100;22500
11925;100;21000
11929;100;18000
11933;100;19500
11937;100;23250
11941;100;19500
11945;100;19500
11949;100;22500
11958;100;21000
11962;100;21000
11966;100;18750
11970;100;22500
11974;100;19500
11978;100;20250
11982;100;24750
11986;100;18750
11990;100;16500
11994;100;20250
11998;100;18750
12002;100;21750
12006;100;21750
12010;100;21750
12014;100;21000
12018;100;21000
12118;80;15000
12122;80;19500
12126;80;16500
12130;80;16500
12134;80;15000
12138;80;18000
12142;80;16500
12146;80;17250
12150;80;16500
12154;80;15750
12158;80;18750
12162;80;15000
12166;80;19500
12170;80;18000
12174;80;15000
12178;80;17250
12182;80;17250
12186;80;16500
12190;80;15750
12194;80;17250
12198;80;13500
12202;80;18750
12206;80;16500
12210;80;16500
12214;80;17250
12218;80;16500
12222;80;16500
12226;80;16500
12230;80;18750
12234;80;18750
12238;80;16500
12271;80;7500
12275;80;20250
12279;80;15000
12283;80;15000
12291;80;11250
12295;80;17250
12299;80;15750
12303;80;18000
12307;80;19500
12311;80;15750
12315;80;16500
12319;80;15000
12323;80;18750
12327;80;18750
12331;80;15750
12335;80;16500
12339;80;15750
12343;80;15000
12347;80;17250
12351;80;14250
12355;80;17250
12359;80;18750
12363;80;15000
12367;80;15000
12371;80;18750
12375;80;16500
12379;80;17250
12383;80;15750
12387;80;12750
12391;80;16500
12395;80;15750
12399;80;14250
12403;80;16500
12407;80;17250
12411;80;14250
12415;80;15750
12419;80;15000
12423;80;18000
12427;80;18750
12431;80;13500
12435;80;17250
12439;80;16500
12443;80;14250
12447;80;18750
12451;80;15000
12455;80;16500
12459;80;17250
12463;80;15000
12467;80;19500
12471;80;16500
12475;80;14250
12479;80;16500
12483;80;15000
12487;80;17250
12491;80;19500
12495;80;12750
12499;80;16500
12503;80;17250
12507;80;15000
12511;80;13500
12515;80;15750
12519;80;18000
12523;80;14250
12527;80;18000
12531;80;12750
12535;80;20250
12539;80;12000
12543;80;15750
12547;80;8250
12551;80;16500
12555;80;18000
12559;80;17250
12563;80;15000
12567;80;17250
12571;80;15750
12575;80;13500
12579;80;15750
12583;80;15000
12587;80;18000
12591;80;18000
12595;80;12750
12599;80;16500
12603;80;15000
12610;80;7500
12614;80;18750
12618;80;15000
12622;80;16500
12626;80;17250
12630;80;18000
12634;80;14250
12638;80;15750
12642;80;14250
12646;80;14250
12650;80;18000
12654;80;14250
12658;80;16500
12662;80;16500
12666;80;15000
12670;80;18000
12674;80;13500
12678;80;12750
12682;80;17250
12686;80;14250
12690;80;18000
12694;80;20250
12698;80;13500
12702;80;15750
12706;80;16500
12710;80;13500
12714;80;19500
12718;80;15750
12722;80;16500
12726;80;18750
12730;80;18000
12734;80;15750
12738;80;16500
12742;80;13500
12746;80;19500
12750;80;15750
12754;80;15750
12758;80;18750
12762;80;13500
12766;80;15000
12770;80;18000
12774;80;16500
12778;80;15750
12782;80;16500
12786;80;13500
12790;80;18000
12794;80;17250
12798;80;15750
12802;80;19500
12806;80;11250
12810;80;19500
12814;80;15000
12818;80;12750
12822;80;19500
12826;80;7500
12830;80;14250
12834;80;18750
12838;80;17250
12842;80;13500
12846;80;19500
12850;80;15000
12854;80;17250
12858;80;14250
12862;80;15750
12866;80;15750
12870;80;16500
12874;80;17250
12878;80;17250
12882;80;14250
12886;80;17250
12890;80;15750
12894;80;15000
12898;80;16500
12902;80;16500
12906;80;15000
12910;80;13500
12914;80;16500
12918;80;17250
12922;80;15750
12928;80;3000
12932;80;16500
12936;80;14250
12940;80;16500
12944;80;18000
12948;80;15750
12952;80;15000
12956;80;17250
12960;80;17250
12964;80;15000
12968;80;16500
12972;80;12750
12976;80;17250
12980;80;17250
12984;80;15750
12988;80;17250
12992;80;17250
12996;80;20250
13000;80;14250
13004;80;17250
13008;80;15750
13012;80;15000
13016;80;16500
13020;80;18750
13024;80;15000
13028;80;17250
13032;80;15750
13036;80;14250
13040;80;18000
13044;80;15750
13048;80;16500
13052;80;15750
13056;80;17250
13060;80;16500
13064;80;17250
13068;80;13500
13072;80;18000
13076;80;13500
13080;80;16500
13084;80;17250
13088;80;16500
13092;80;14250
13096;80;15750
13100;80;7500
13104;80;17250
13108;80;15750
13112;80;15750
13116;80;14250
13120;80;15750
13124;80;17250
13128;80;18000
13132;80;13500
13136;80;15750
13140;80;18750
13144;80;15750
13148;80;15000
13152;80;18750
13156;80;15750
13160;80;15750
13164;80;16500
13168;80;13500
13172;80;15000
13176;80;15000
13180;80;18750
13184;80;15750
13188;80;17250
13192;80;15750
13196;80;16500
13200;80;16500
13204;80;14250
13208;80;21750
13212;80;18000
13216;80;18000
13220;80;18750
13224;80;14250
13228;80;19500
13232;80;15750
13236;80;16500
13240;80;16500
13248;80;7500
13252;80;19500
13256;80;15000
13260;80;18750
13264;80;14250
13268;80;15750
13272;80;18000
13276;80;14250
13280;80;17250
13284;80;15000
13288;80;15750
13292;80;14250
13296;80;14250
13300;80;15000
13304;80;16500
13308;80;15750
13312;80;16500
13316;80;16500
13320;80;14250
13324;80;21000
13328;80;16500
13332;80;15000
13336;80;16500
13340;80;15750
13344;80;18750
13348;80;14250
13352;80;19500
13356;80;17250
13360;80;14250
13364;80;18000
13368;80;16500
13372;80;14250
13405;80;9750
13409;80;18000
13413;80;19500
13417;80;12750
13421;80;17250
13425;80;13500
13429;80;15750
13433;80;23250
13437;80;13500
13441;80;18000
13445;80;13500
13449;80;18750
13453;80;15750
13457;80;15750
13461;80;15750
13465;80;15000
13469;80;16500
13473;80;18750
13477;80;18000
13481;80;15000
13485;80;16500
13489;80;18750
13493;80;12000
13497;80;17250
13501;80;13500
13505;80;20250
13509;80;16500
13513;80;17250
13517;80;18750
13521;80;12750
13525;80;16500
13529;80;16500
13533;80;15750
13537;80;15000
13541;80;15750
13545;80;11250
13549;80;18000
13553;80;15750
13557;80;18000
13561;80;16500
13565;80;17250
13569;80;15750
13573;80;16500
13577;80;13500
13581;80;17250
13585;80;16500
13594;80;15000
13598;80;19500
13602;80;15750
13606;80;16500
13610;80;15750
13614;80;17250
13618;80;14250
13622;80;15000
13626;80;18000
13630;80;15750
13634;80;16500
13638;80;18750
13642;80;15750
13646;80;16500
13650;80;17250
13654;80;18750
13658;80;16500
13662;80;15000
13666;80;16500
13670;80;19500
13674;80;12000
13678;80;18000
13682;80;7500
13686;80;18750
13690;80;18000
13694;80;15750
13698;80;15750
13702;80;18000
13706;80;15000
13710;80;15750
13714;80;19500
13718;80;14250
13722;80;14250
13726;80;15000
13730;80;16500
13734;80;18000
13738;80;17250
13742;80;15750
13746;80;15750
13750;80;15750
13754;80;14250
13758;80;13500
13762;80;20250
13766;80;15750
13770;80;14250
13774;80;20250
13778;80;12750
13782;80;15000
13786;80;15750
13790;80;15000
13794;80;15750
13798;80;16500
13802;80;18000
13806;80;14250
13810;80;18000
13814;80;12000
13818;80;22500
13822;80;16500
13826;80;16500
13830;80;15000
13834;80;19500
13838;80;20250
13842;80;14250
13846;80;15000
13850;80;18000
13854;80;12750
13858;80;18000
13862;80;18000
13866;80;16500
13870;80;13500
13874;80;15750
13878;80;18000
13882;80;15000
13886;80;16500
13890;80;15750
13894;80;19500
13898;80;15750
13902;80;16500
13906;80;15750
13913;80;5250
13917;80;21000
13921;80;17250
13925;80;14250
13929;80;19500
13933;80;18000
13937;80;15750
13941;80;17250
13945;80;16500
13949;80;13500
13953;80;15750
13957;80;19500
13961;80;8250
13965;80;15750
13969;80;15750
13973;80;18000
13977;80;18000
13981;80;16500
13985;80;15750
13989;80;18000
13993;80;16500
13997;80;15750
14001;80;16500
14005;80;15000
14009;80;17250
14013;80;13500
14017;80;15000
14121;60;13500
14125;60;13500
14129;60;12000
14133;60;17250
14137;60;12000
14141;60;18000
14145;60;12750
14149;60;15000
14153;60;13500
14157;60;12000
14161;60;14250
14165;60;12750
14169;60;15750
14173;60;13500
14177;60;15750
14181;60;13500
14185;60;12750
14189;60;16500
14193;60;12000
14197;60;17250
14206;60;12750
14210;60;20250
14214;60;13500
14218;60;12750
14222;60;15000
14226;60;14250
14230;60;15750
14234;60;12750
14238;60;14250
14242;60;12000
14246;60;13500
14250;60;15000
14254;60;13500
14258;60;15000
14262;60;15000
14266;60;17250
14270;60;15000
14274;60;17250
14278;60;14250
14282;60;13500
14286;60;16500
14290;60;10500
14294;60;14250
14298;60;12750
14302;60;14250
14306;60;15000
14310;60;12750
14314;60;13500
14318;60;15000
14322;60;15750
14326;60;13500
14330;60;12750
14334;60;12000
14338;60;6750
14342;60;14250
14346;60;13500
14350;60;17250
14354;60;15750
14358;60;11250
14362;60;12750
14366;60;13500
14370;60;16500
14374;60;12000
14378;60;16500
14382;60;13500
14386;60;13500
14390;60;14250
14394;60;12750
14398;60;18000
14402;60;12000
14406;60;13500
14410;60;12000
14414;60;13500
14418;60;13500
14422;60;11250
14426;60;18000
14430;60;12750
14434;60;16500
14438;60;12750
14442;60;14250
14446;60;15750
14450;60;10500
14454;60;18750
14458;60;10500
14462;60;14250
14466;60;11250
14470;60;13500
14474;60;16500
14478;60;12750
14482;60;16500
14486;60;14250
14490;60;12750
14494;60;15000
14498;60;15000
14502;60;15750
14506;60;13500
14513;60;8250
14517;60;19500
14521;60;12750
14525;60;12000
14529;60;15000
14533;60;16500
14537;60;15000
14541;60;12000
14545;60;18000
14549;60;13500
14553;60;13500
14557;60;15000
14561;60;14250
14565;60;16500
14569;60;12000
14573;60;18750
14577;60;11250
14581;60;13500
14585;60;14250
14589;60;16500
14593;60;17250
14597;60;10500
14601;60;17250
14605;60;10500
14609;60;14250
14642;60;7500
14646;60;15750
14650;60;16500
14654;60;13500
14658;60;15750
14662;60;12750
14666;60;12000
14670;60;15000
14674;60;9750
14678;60;16500
14682;60;13500
14686;60;12000
14690;60;15000
14694;60;15000
14698;60;12750
14702;60;13500
14706;60;15750
14710;60;12750
14714;60;16500
14718;60;15750
14722;60;14250
14726;60;14250
14730;60;13500
14734;60;17250
14738;60;13500
14742;60;15750
14746;60;13500
14750;60;18000
14754;60;14250
14758;60;14250
14762;60;17250
14766;60;13500
14770;60;15000
14774;60;12750
14778;60;15000
14782;60;14250
14786;60;13500
14790;60;15000
14794;60;12750
14798;60;12750
14802;60;12000
14806;60;14250
14810;60;14250
14814;60;15000
14818;60;11250
14822;60;12000
14826;60;15000
14830;60;12750
14834;60;13500
14838;60;14250
14842;60;12750
14850;60;10500
14854;60;21000
14858;60;12000
14862;60;13500
14866;60;10500
14870;60;15750
14874;60;14250
14878;60;12750
14882;60;15750
14886;60;12750
14890;60;13500
14894;60;12750
14898;60;13500
14902;60;15000
14906;60;12750
14910;60;18750
14914;60;12750
14918;60;7500
14922;60;12750
14926;60;15000
14930;60;15000
14934;60;12000
14938;60;17250
14942;60;13500
14946;60;14250
14950;60;12000
14954;60;15000
14958;60;17250
14962;60;11250
14966;60;18000
14970;60;11250
14974;60;14250
14978;60;14250
14982;60;15750
14986;60;17250
14990;60;12750
14994;60;16500
14998;60;12000
15002;60;14250
15006;60;12000
15010;60;15750
15014;60;18000
15018;60;12750
15022;60;15000
15026;60;12000
15030;60;16500
15034;60;13500
15038;60;14250
15042;60;16500
15046;60;11250
15050;60;18000
15054;60;13500
15058;60;18000
15062;60;12000
15066;60;16500
15070;60;16500
15074;60;12750
15078;60;12000
15082;60;15000
15086;60;15000
15090;60;13500
15094;60;12750
15098;60;14250
15102;60;12750
15106;60;16500
15110;60;16500
15114;60;14250
15118;60;14250
15122;60;10500
15126;60;18000
15130;60;12000
15134;60;14250
15138;60;16500
15142;60;14250
15146;60;13500
15150;60;12750
15158;60;10500
15162;60;18750
15166;60;15000
15170;60;15000
15174;60;12750
15178;60;14250
15182;60;15000
15186;60;11250
15190;60;17250
15194;60;15000
15198;60;6750
15202;60;12000
15206;60;13500
15210;60;17250
15214;60;14250
15218;60;15750
15222;60;13500
15226;60;12000
15230;60;15750
15234;60;13500
15238;60;17250
15242;60;12750
15246;60;15750
15250;60;14250
15254;60;13500
15258;60;15000
15262;60;12750
15266;60;18000
15270;60;12750
15274;60;14250
15278;60;12000
15282;60;14250
15286;60;14250
15290;60;12000
15294;60;16500
15298;60;13500
15302;60;13500
15306;60;13500
15310;60;13500
15314;60;15000
15318;60;13500
15322;60;18000
15326;60;13500
15330;60;12750
15334;60;13500
15338;60;13500
15342;60;15000
15346;60;12000
15350;60;15750
15354;60;13500
15358;60;14250
15362;60;13500
15366;60;15000
15370;60;15000
15374;60;13500
15378;60;18000
15382;60;11250
15386;60;15750
15390;60;14250
15394;60;13500
15398;60;16500
15402;60;12750
15406;60;18750
15410;60;13500
15414;60;16500
15418;60;15000
15422;60;16500
15426;60;16500
15430;60;12750
15434;60;15750
15438;60;12000
15442;60;15000
15446;60;15000
15450;60;15000
15454;60;16500
15458;60;12750
15466;60;12000
15470;60;16500
15474;60;7500
15478;60;15000
15482;60;18000
15486;60;12750
15490;60;20250
15494;60;13500
15498;60;14250
15502;60;13500
15506;60;13500
15510;60;17250
15514;60;12750
15518;60;18750
15522;60;9750
15526;60;14250
15530;60;13500
15534;60;12750
15538;60;13500
15542;60;12000
15546;60;15750
15550;60;11250
15554;60;13500
15558;60;13500
15562;60;15000
15566;60;15000
15570;60;10500
15574;60;15750
15578;60;13500
15582;60;13500
15586;60;12000
15590;60;13500
15594;60;14250
15598;60;13500
15602;60;15750
15606;60;12000
15610;60;14250
15614;60;12750
15618;60;14250
15622;60;12750
15626;60;12000
15630;60;18750
15634;60;14250
15638;60;16500
15642;60;12000
15646;60;12750
15650;60;12750
15654;60;13500
15658;60;17250
15662;60;10500
15666;60;16500
15670;60;11250
15674;60;15000
15678;60;13500
15682;60;11250
15686;60;15000
15690;60;11250
15694;60;14250
15698;60;15000
15702;60;15000
15706;60;12000
15710;60;13500
15714;60;15750
15718;60;12750
15722;60;16500
15726;60;15000
15730;60;14250
15734;60;15000
15738;60;13500
15742;60;15750
15746;60;7500
15779;60;9000
15783;60;15750
15787;60;12000
15791;60;16500
15795;60;10500
15799;60;18000
15803;60;15750
15811;60;10500
15815;60;17250
15819;60;15750
15823;60;9750
15827;60;14250
15831;60;15000
15835;60;17250
15839;60;12750
15843;60;14250
15847;60;15000
15851;60;12750
15855;60;17250
15859;60;14250
15863;60;12750
15867;60;14250
15871;60;14250
15875;60;15750
15879;60;12000
15883;60;18000
15887;60;14250
15891;60;15750
15895;60;14250
15899;60;12000
15903;60;16500
15907;60;14250
15911;60;13500
15915;60;14250
15919;60;12750
15923;60;14250
15927;60;12000
15931;60;13500
15935;60;10500
15939;60;15000
15943;60;13500
15947;60;11250
15951;60;13500
15955;60;13500
15959;60;15000
15963;60;13500
15967;60;13500
15971;60;14250
15975;60;12000
15979;60;13500
15983;60;12750
15987;60;15750
15991;60;13500
15995;60;15000
15999;60;15750
16003;60;12750
16007;60;14250
16011;60;13500
16015;60;14250
16118;40;15000
16122;40;11250
16126;40;14250
16130;40;10500
16134;40;14250
16138;40;7500
16142;40;18750
16146;40;9000
16150;40;7500
16154;40;9750
16158;40;15000
16162;40;10500
16166;40;12750
16170;40;10500
16174;40;15000
16178;40;9750
16182;40;15000
16186;40;9000
16190;40;16500
16194;40;11250
16198;40;14250
16202;40;11250
16206;40;12750
16210;40;11250
16214;40;16500
16218;40;8250
16222;40;18750
16226;40;9750
16230;40;16500
16234;40;12000
16238;40;14250
16242;40;12000
16246;40;14250
16250;40;12750
16254;40;11250
16258;40;12000
16262;40;15000
16266;40;14250
16270;40;11250
16274;40;12750
16278;40;14250
16282;40;15750
16286;40;9000
16290;40;12000
16294;40;9750
16298;40;17250
16302;40;9750
16306;40;15000
16310;40;11250
16314;40;13500
16318;40;13500
16322;40;14250
16326;40;14250
16330;40;13500
16334;40;12750
16338;40;8250
16342;40;12750
16346;40;12000
16350;40;18750
16354;40;11250
16358;40;15000
16362;40;12750
16366;40;10500
16370;40;12750
16374;40;9750
16378;40;12750
16382;40;14250
16386;40;17250
16395;40;12750
16399;40;16500
16403;40;13500
16407;40;9750
16411;40;12000
16415;40;11250
16419;40;12750
16423;40;13500
16427;40;10500
16431;40;6750
16435;40;10500
16439;40;13500
16443;40;12750
16447;40;15000
16451;40;14250
16455;40;13500
16459;40;17250
16463;40;11250
16467;40;12750
16471;40;14250
16475;40;15750
16479;40;13500
16483;40;18750
16487;40;13500
16491;40;15750
16495;40;16500
16499;40;13500
16503;40;14250
16507;40;11250
16511;40;14250
16515;40;12000
16519;40;14250
16523;40;9750
16527;40;12000
16531;40;11250
16535;40;12000
16539;40;12750
16543;40;9000
16547;40;12750
16551;40;10500
16555;40;15000
16559;40;12000
16563;40;13500
16567;40;14250
16571;40;15000
16575;40;15750
16579;40;15000
16583;40;16500
16587;40;12000
16591;40;15000
16595;40;15000
16599;40;14250
16603;40;11250
16607;40;11250
16611;40;12750
16615;40;9750
16619;40;14250
16623;40;10500
16627;40;12000
16631;40;13500
16635;40;12750
16639;40;14250
16643;40;13500
16647;40;16500
16651;40;13500
16655;40;14250
16659;40;13500
16663;40;12750
16667;40;9750
16671;40;11250
16675;40;12000
16679;40;10500
16683;40;13500
16687;40;13500
16691;40;12750
16697;40;6000
16701;40;12750
16705;40;15000
16709;40;8250
16713;40;12750
16717;40;11250
16721;40;12000
16725;40;9750
16729;40;12750
16733;40;12000
16737;40;13500
16741;40;15750
16745;40;13500
16749;40;16500
16753;40;11250
16757;40;13500
16761;40;12000
16765;40;11250
16769;40;13500
16773;40;12000
16777;40;11250
16781;40;12000
16785;40;15750
16789;40;12750
16793;40;15750
16797;40;15000
16801;40;12000
16805;40;13500
16809;40;10500
16813;40;11250
16817;40;9750
16821;40;12750
16825;40;10500
16829;40;12750
16833;40;16500
16837;40;12000
16841;40;14250
16845;40;10500
16849;40;12750
16853;40;12750
16857;40;12750
16861;40;13500
16865;40;12750
16869;40;15750
16873;40;14250
16877;40;13500
16881;40;14250
16885;40;12000
16889;40;12750
16893;40;11250
16897;40;11250
16901;40;12000
16905;40;14250
16909;40;12750
16913;40;12000
16917;40;13500
16921;40;14250
16925;40;10500
16929;40;12000
16933;40;10500
16937;40;12750
16941;40;15000
16945;40;13500
16949;40;13500
16953;40;12750
16957;40;13500
16961;40;11250
16965;40;11250
16969;40;10500
16973;40;12750
16977;40;10500
16981;40;6750
17011;40;7500
17015;40;14250
17019;40;15000
17023;40;12750
17032;40;12750
17036;40;14250
17040;40;11250
17044;40;10500
17048;40;14250
17052;40;13500
17056;40;15750
17060;40;14250
17064;40;12000
17068;40;12000
17072;40;12750
17076;40;11250
17080;40;10500
17084;40;14250
17088;40;15000
17092;40;15000
17096;40;11250
17100;40;13500
17104;40;10500
17108;40;12000
17112;40;12000
17116;40;12000
17120;40;14250
17124;40;12750
17128;40;16500
17132;40;10500
17136;40;12000
17140;40;9750
17144;40;12750
17148;40;14250
17152;40;14250
17156;40;13500
17160;40;14250
17164;40;13500
17168;40;12000
17172;40;10500
17176;40;12000
17180;40;9750
17184;40;12750
17188;40;15000
17192;40;16500
17196;40;15000
17200;40;13500
17204;40;12000
17208;40;11250
17212;40;12000
17216;40;12000
17220;40;12750
17224;40;11250
17228;40;15000
17232;40;14250
17236;40;12750
17240;40;13500
17244;40;12750
17248;40;13500
17252;40;10500
17256;40;12750
17260;40;12750
17264;40;14250
17268;40;16500
17272;40;15000
17276;40;12000
17280;40;9750
17284;40;12750
17288;40;7500
17292;40;14250
17296;40;13500
17300;40;13500
17304;40;15000
17308;40;14250
17312;40;12000
17316;40;10500
17320;40;11250
17324;40;11250
17328;40;12000
17334;40;4500
17338;40;14250
17342;40;15750
17346;40;15000
17350;40;13500
17354;40;10500
17358;40;12750
17362;40;12750
17366;40;10500
17370;40;12750
17374;40;15000
17378;40;12000
17382;40;13500
17386;40;12000
17390;40;11250
17394;40;12000
17398;40;9750
17402;40;12000
17406;40;12000
17410;40;14250
17414;40;14250
17418;40;12750
17422;40;12000
17426;40;10500
17430;40;11250
17434;40;12750
17438;40;14250
17442;40;15750
17446;40;12750
17450;40;13500
17454;40;13500
17458;40;11250
17462;40;12000
17466;40;11250
17470;40;13500
17474;40;15000
17478;40;12750
17482;40;15750
17486;40;11250
17490;40;13500
17494;40;9750
17498;40;12750
17502;40;12000
17506;40;13500
17510;40;14250
17514;40;12750
17518;40;15750
17522;40;9750
17526;40;13500
17530;40;10500
17534;40;12000
17538;40;12750
17542;40;11250
17546;40;15750
17550;40;15000
17554;40;15000
17558;40;11250
17562;40;6000
17566;40;11250
17570;40;11250
17574;40;12750
17578;40;12750
17582;40;15750
17586;40;12750
17590;40;16500
17594;40;12000
17598;40;10500
17602;40;10500
17606;40;9750
17610;40;11250
17614;40;13500
17618;40;15000
17622;40;13500
17626;40;14250
17635;40;10500
17639;40;16500
17643;40;12000
17647;40;12000
17651;40;12750
17655;40;16500
17659;40;13500
17663;40;13500
17667;40;12000
17671;40;11250
17675;40;12750
17679;40;12000
17683;40;14250
17687;40;14250
17691;40;12750
17695;40;15000
17699;40;12750
17703;40;11250
17707;40;13500
17711;40;8250
17715;40;12000
17719;40;13500
17723;40;15000
17727;40;12750
17731;40;17250
17735;40;13500
17739;40;12000
17743;40;12000
17747;40;8250
17751;40;12750
17755;40;14250
17759;40;13500
17763;40;13500
17767;40;15750
17771;40;12750
17775;40;12750
17779;40;12000
17783;40;10500
17787;40;12000
17791;40;11250
17795;40;13500
17799;40;13500
17803;40;15750
17807;40;12750
17811;40;10500
17815;40;12750
17819;40;12750
17823;40;12750
17827;40;12750
17831;40;12750
17835;40;12000
17839;40;15750
17843;40;9000
17847;40;13500
17851;40;12750
17855;40;11250
17859;40;12000
17863;40;12000
17867;40;14250
17871;40;12000
17875;40;12000
17879;40;15000
17883;40;15000
17887;40;12750
17891;40;12000
17895;40;9750
17899;40;11250
17903;40;13500
17907;40;14250
17911;40;16500
17915;40;14250
17919;40;13500
17923;40;11250
17927;40;12750
17936;40;10500
17940;40;15750
17944;40;15750
17948;40;15000
17952;40;16500
17956;40;12000
17960;40;12750
17964;40;10500
17968;40;9000
17972;40;12750
17976;40;14250
17980;40;13500
17984;40;13500
17988;40;14250
17992;40;10500
17996;40;12000
18000;40;12750
18004;40;12750
18008;40;15000
18012;40;12750
18016;40;12750
18120;20;9750
18124;20;9750
18128;20;8250
18132;20;12000
18136;20;9750
18140;20;7500
18144;20;9750
18148;20;9750
18152;20;7500
18156;20;8250
18160;20;6750
18164;20;6750
18168;20;9000
18172;20;5250
18176;20;5250
18180;20;7500
18184;20;6750
18188;20;5250
18192;20;6750
18196;20;4500
18202;20;3750
18206;20;9750
18210;20;7500
18214;20;4500
18218;20;4500
18222;20;4500
18226;20;6000
18257;20;4500
18261;20;4500
18265;20;5250
18269;20;5250
18273;20;4500
18277;20;4500
18281;20;4500
18285;20;3750
18289;20;6000
18293;20;4500
18297;20;4500
18301;20;6000
18305;20;4500
18309;20;6000
18313;20;3750
18317;20;5250
18321;20;4500
18325;20;5250
18329;20;4500
18333;20;3750
18337;20;5250
18341;20;4500
18345;20;4500
18349;20;3750
18353;20;6000
18357;20;3750
18361;20;3750
18365;20;5250
18369;20;3750
18373;20;3750
18377;20;5250
18381;20;3750
18385;20;3750
18389;20;3750
18393;20;3750
18397;20;5250
18401;20;3750
18405;20;3750
18409;20;4500
18413;20;3750
18417;20;3750
18421;20;3000
18425;20;3750
18429;20;3750
18433;20;4500
18437;20;3000
18441;20;3750
18445;20;3750
18449;20;3750
18453;20;3750
18457;20;3000
18461;20;4500
18465;20;3000
18469;20;4500
18473;20;4500
18477;20;3750
18484;20;2250
18488;20;8250
18492;20;3750
18496;20;3000
18500;20;3750
18504;20;3000
18508;20;3750
18512;20;3000
18516;20;4500
18520;20;3750
18524;20;4500
18528;20;3000
18532;20;3000
18536;20;3750
18540;20;3000
18544;20;4500
18548;20;3000
18552;20;2250
18556;20;3750
18560;20;3000
18564;20;3000
18568;20;5250
18572;20;3000
18576;20;3750
18580;20;3000
18584;20;3000
18588;20;5250
18592;20;3000
18596;20;3000
18600;20;3000
18604;20;3000
18608;20;3000
18612;20;3000
18616;20;2250
18620;20;3750
18624;20;3750
18628;20;4500
18632;20;3000
18636;20;4500
18640;20;4500
18644;20;2250
18648;20;3000
18652;20;3000
18656;20;3000
18660;20;3000
18664;20;3000
18668;20;3000
18672;20;3000
18676;20;3000
18680;20;2250
18684;20;3000
18688;20;3000
18692;20;2250
18696;20;4500
18700;20;2250
18704;20;3000
18708;20;3750
18712;20;2250
18716;20;3000
18720;20;2250
18724;20;3750
18731;20;3000
18735;20;5250
18739;20;3000
18743;20;2250
18747;20;2250
18751;20;3000
18755;20;3750
18759;20;3000
18763;20;2250
18767;20;2250
18771;20;3000
18775;20;2250
18779;20;3000
18783;20;2250
18787;20;2250
18791;20;3000
18795;20;3750
18799;20;2250
18803;20;3750
18807;20;3000
18811;20;2250
18815;20;2250
18819;20;2250
18823;20;3750
18827;20;2250
18831;20;2250
18835;20;3000
18839;20;2250
18843;20;2250
18847;20;2250
18851;20;3750
18855;20;3000
18859;20;3750
18863;20;2250
18867;20;2250
18871;20;2250
18875;20;2250
18879;20;3750
18883;20;2250
18887;20;2250
18891;20;2250
18895;20;3000
18899;20;2250
18903;20;2250
18907;20;2250
18911;20;2250
18915;20;2250
18919;20;2250
18923;20;3750
18927;20;2250
18931;20;3000
18935;20;2250
18939;20;2250
18943;20;1500
18947;20;2250
18951;20;2250
18955;20;2250
18959;20;2250
18963;20;3000
18972;20;3750
18976;20;4500
18980;20;2250
18984;20;2250
18988;20;2250
18992;20;3000
18996;20;3000
19000;20;2250
19004;20;1500
19008;20;2250
19012;20;2250
19016;20;2250
19020;20;1500
19024;20;2250
19028;20;1500
19032;20;2250
19036;20;2250
19040;20;1500
19044;20;2250
19048;20;2250
19052;20;1500
19056;20;3000
19060;20;1500
19064;20;2250
19068;20;1500
19072;20;2250
19076;20;2250
19080;20;2250
19084;20;2250
19088;20;2250
19092;20;2250
19096;20;1500
19100;20;3750
19104;20;1500
19108;20;2250
19112;20;1500
19116;20;2250
19120;20;1500
19124;20;2250
19128;20;2250
19132;20;1500
19136;20;2250
19140;20;1500
19144;20;1500
19148;20;1500
19152;20;1500
19156;20;2250
19160;20;1500
19164;20;1500
19168;20;1500
19172;20;2250
19176;20;1500
19180;20;2250
19184;20;1500
19188;20;2250
19192;20;1500
19196;20;2250
19200;20;3000
19204;20;1500
19211;20;3000
19215;20;3000
19219;20;1500
19223;20;1500
19227;20;2250
19231;20;1500
19235;20;1500
19239;20;3000
19243;20;2250
19247;20;2250
19251;20;2250
19255;20;1500
19259;20;2250
19263;20;1500
19267;20;1500
19271;20;1500
19275;20;1500
19279;20;1500
19283;20;1500
19287;20;1500
19291;20;2250
19295;20;1500
19299;20;2250
19303;20;1500
19307;20;1500
19311;20;2250
19315;20;2250
19319;20;1500
19323;20;1500
19327;20;1500
19331;20;1500
19335;20;1500
19339;20;1500
19343;20;1500
19347;20;1500
19351;20;1500
19355;20;1500
19359;20;1500
19363;20;1500
19367;20;1500
19371;20;1500
19375;20;3750
19379;20;1500
19383;20;2250
19387;20;1500
19391;20;1500
19395;20;1500
19399;20;1500
19403;20;1500
19407;20;1500
19411;20;1500
19415;20;1500
19419;20;1500
19423;20;2250
19427;20;1500
19431;20;1500
19435;20;1500
19469;20;3000
19477;20;2250
19481;20;2250
19485;20;1500
19489;20;1500
19493;20;1500
19497;20;1500
19501;20;1500
19505;20;750
19509;20;1500
19513;20;2250
19517;20;1500
19521;20;1500
19525;20;1500
19529;20;1500
19533;20;3000
19537;20;1500
19541;20;1500
19545;20;1500
19549;20;1500
19553;20;1500
19557;20;1500
19561;20;2250
19565;20;1500
19569;20;750
19573;20;1500
19577;20;1500
19581;20;2250
19585;20;1500
19589;20;750
19593;20;1500
19597;20;1500
19601;20;750
19605;20;1500
19609;20;750
19613;20;1500
19617;20;1500
19621;20;1500
19625;20;750
19629;20;2250
19633;20;1500
19637;20;750
19641;20;2250
19645;20;1500
19649;20;1500
19653;20;1500
19657;20;2250
19661;20;750
19665;20;1500
19669;20;1500
19673;20;750
19677;20;2250
19681;20;1500
19685;20;750
19689;20;1500
19693;20;750
19697;20;1500
19701;20;1500
19707;20;1500
19711;20;1500
19715;20;750
19719;20;1500
19723;20;1500
19727;20;750
19731;20;1500
19735;20;750
19739;20;1500
19743;20;1500
19747;20;750
19751;20;1500
19755;20;750
19759;20;1500
19763;20;750
19767;20;1500
19771;20;1500
19775;20;1500
19779;20;1500
19783;20;750
19787;20;2250
19791;20;3000
19795;20;750
19799;20;750
19803;20;1500
19807;20;2250
19811;20;750
19815;20;1500
19819;20;750
19823;20;1500
19827;20;1500
19831;20;750
19835;20;2250
19839;20;750
19843;20;1500
19847;20;750
19851;20;1500
19855;20;750
19859;20;2250
19863;20;750
19867;20;1500
19871;20;750
19875;20;1500
19879;20;1500
19883;20;750
19887;20;1500
19891;20;750
19895;20;1500
19899;20;750
19903;20;750
19907;20;1500
19911;20;750
19915;20;1500
19919;20;1500
19923;20;1500
19927;20;2250
19931;20;1500
19939;20;2250
19943;20;1500
19947;20;750
19951;20;2250
19955;20;750
19959;20;1500
19963;20;750
19967;20;750
19971;20;1500
19975;20;1500
19979;20;750
19983;20;2250
19987;20;750
19991;20;1500
19995;20;750
19999;20;1500
20003;20;750
20007;20;1500
20011;20;750
20015;20;750
