Tiempo_ms,PWM,RPM
4,0,0.00
8,0,0.00
12,0,0.00
16,0,0.00
20,0,0.00
24,0,0.00
28,0,0.00
32,0,0.00
36,0,0.00
40,0,0.00
44,0,0.00
48,0,0.00
52,0,0.00
56,0,0.00
60,0,0.00
64,0,0.00
68,0,0.00
72,0,0.00
76,0,0.00
80,0,0.00
84,0,0.00
88,0,0.00
92,0,0.00
96,0,0.00
100,0,0.00
104,0,0.00
108,0,0.00
112,0,0.00
116,0,0.00
120,0,0.00
124,0,0.00
128,0,0.00
132,0,0.00
136,0,0.00
140,0,0.00
144,0,0.00
148,0,0.00
152,0,0.00
156,0,0.00
160,0,0.00
164,0,0.00
168,0,0.00
172,0,0.00
176,0,0.00
180,0,0.00
184,0,0.00
188,0,0.00
192,0,0.00
196,0,0.00
200,0,0.00
204,0,0.00
208,0,0.00
212,0,0.00
216,0,0.00
220,0,0.00
224,0,0.00
228,0,0.00
232,0,0.00
236,0,0.00
240,0,0.00
244,0,0.00
248,0,0.00
252,0,0.00
256,0,0.00
260,0,0.00
264,0,0.00
268,0,0.00
272,0,0.00
276,0,0.00
280,0,0.00
284,0,0.00
288,0,0.00
292,0,0.00
296,0,0.00
300,0,0.00
304,0,0.00
308,0,0.00
312,0,0.00
316,0,0.00
320,0,0.00
324,0,0.00
328,0,0.00
332,0,0.00
336,0,0.00
340,0,0.00
344,0,0.00
348,0,0.00
352,0,0.00
356,0,0.00
360,0,0.00
364,0,0.00
368,0,0.00
372,0,0.00
376,0,0.00
380,0,0.00
384,0,0.00
388,0,0.00
392,0,0.00
396,0,0.00
400,0,0.00
404,0,0.00
408,0,0.00
412,0,0.00
416,0,0.00
420,0,0.00
424,0,0.00
428,0,0.00
432,0,0.00
436,0,0.00
440,0,0.00
444,0,0.00
448,0,0.00
452,0,0.00
456,0,0.00
460,0,0.00
464,0,0.00
468,0,0.00
472,0,0.00
476,0,0.00
480,0,0.00
484,0,0.00
488,0,0.00
492,0,0.00
496,0,0.00
500,0,0.00
504,0,0.00
508,0,0.00
512,0,0.00
516,0,0.00
520,0,0.00
524,0,0.00
528,0,0.00
532,0,0.00
536,0,0.00
540,0,0.00
544,0,0.00
548,0,0.00
552,0,0.00
556,0,0.00
560,0,0.00
564,0,0.00
568,0,0.00
572,0,0.00
576,0,0.00
580,0,0.00
584,0,0.00
588,0,0.00
592,0,0.00
596,0,0.00
600,0,0.00
604,0,0.00
608,0,0.00
612,0,0.00
616,0,0.00
620,0,0.00
624,0,0.00
628,0,0.00
632,0,0.00
636,0,0.00
640,0,0.00
644,0,0.00
648,0,0.00
652,0,0.00
656,0,0.00
660,0,0.00
664,0,0.00
668,0,0.00
672,0,0.00
676,0,0.00
680,0,0.00
684,0,0.00
688,0,0.00
692,0,0.00
696,0,0.00
700,0,0.00
704,0,0.00
708,0,0.00
712,0,0.00
716,0,0.00
720,0,0.00
724,0,0.00
728,0,0.00
732,0,0.00
736,0,0.00
740,0,0.00
744,0,0.00
748,0,0.00
752,0,0.00
756,0,0.00
760,0,0.00
764,0,0.00
768,0,0.00
772,0,0.00
776,0,0.00
780,0,0.00
784,0,0.00
788,0,0.00
792,0,0.00
796,0,0.00
800,0,0.00
804,0,0.00
808,0,0.00
812,0,0.00
816,0,0.00
820,0,0.00
824,0,0.00
828,0,0.00
832,0,0.00
836,0,0.00
840,0,0.00
844,0,0.00
848,0,0.00
852,0,0.00
856,0,0.00
860,0,0.00
864,0,0.00
868,0,0.00
872,0,0.00
876,0,0.00
880,0,0.00
884,0,0.00
888,0,0.00
892,0,0.00
896,0,0.00
900,0,0.00
904,0,0.00
908,0,0.00
912,0,0.00
916,0,0.00
920,0,0.00
924,0,0.00
928,0,0.00
932,0,0.00
936,0,0.00
940,0,0.00
944,0,0.00
948,0,0.00
952,0,0.00
956,0,0.00
960,0,0.00
964,0,0.00
968,0,0.00
972,0,0.00
976,0,0.00
980,0,0.00
984,0,0.00
988,0,0.00
992,0,0.00
996,0,0.00
1000,0,0.00
1004,0,0.00
1008,0,0.00
1012,0,0.00
1016,0,0.00
1020,0,0.00
1024,0,0.00
1028,0,0.00
1032,0,0.00
1036,0,0.00
1040,0,0.00
1044,0,0.00
1048,0,0.00
1052,0,0.00
1056,0,0.00
1060,0,0.00
1064,0,0.00
1068,0,0.00
1072,0,0.00
1076,0,0.00
1080,0,0.00
1084,0,0.00
1088,0,0.00
1092,0,0.00
1096,0,0.00
1100,0,0.00
1104,0,0.00
1108,0,0.00
1112,0,0.00
1116,0,0.00
1120,0,0.00
1124,0,0.00
1128,0,0.00
1132,0,0.00
1136,0,0.00
1140,0,0.00
1144,0,0.00
1148,0,0.00
1152,0,0.00
1156,0,0.00
1160,0,0.00
1164,0,0.00
1168,0,0.00
1172,0,0.00
1176,0,0.00
1180,0,0.00
1184,0,0.00
1188,0,0.00
1192,0,0.00
1196,0,0.00
1200,0,0.00
1204,0,0.00
1208,0,0.00
1212,0,0.00
1216,0,0.00
1220,0,0.00
1224,0,0.00
1228,0,0.00
1232,0,0.00
1236,0,0.00
1240,0,0.00
1244,0,0.00
1248,0,0.00
1252,0,0.00
1256,0,0.00
1260,0,0.00
1264,0,0.00
1268,0,0.00
1272,0,0.00
1276,0,0.00
1280,0,0.00
1284,0,0.00
1288,0,0.00
1292,0,0.00
1296,0,0.00
1300,0,0.00
1304,0,0.00
1308,0,0.00
1312,0,0.00
1316,0,0.00
1320,0,0.00
1324,0,0.00
1328,0,0.00
1332,0,0.00
1336,0,0.00
1340,0,0.00
1344,0,0.00
1348,0,0.00
1352,0,0.00
1356,0,0.00
1360,0,0.00
1364,0,0.00
1368,0,0.00
1372,0,0.00
1376,0,0.00
1380,0,0.00
1384,0,0.00
1388,0,0.00
1392,0,0.00
1396,0,0.00
1400,0,0.00
1404,0,0.00
1408,0,0.00
1412,0,0.00
1416,0,0.00
1420,0,0.00
1424,0,0.00
1428,0,0.00
1432,0,0.00
1436,0,0.00
1440,0,0.00
1444,0,0.00
1448,0,0.00
1452,0,0.00
1456,0,0.00
1460,0,0.00
1464,0,0.00
1468,0,0.00
1472,0,0.00
1476,0,0.00
1480,0,0.00
1484,0,0.00
1488,0,0.00
1492,0,0.00
1496,0,0.00
1500,0,0.00
1504,0,0.00
1508,0,0.00
1512,0,0.00
1516,0,0.00
1520,0,0.00
1524,0,0.00
1528,0,0.00
1532,0,0.00
1536,0,0.00
1540,0,0.00
1544,0,0.00
1548,0,0.00
1552,0,0.00
1556,0,0.00
1560,0,0.00
1564,0,0.00
1568,0,0.00
1572,0,0.00
1576,0,0.00
1580,0,0.00
1584,0,0.00
1588,0,0.00
1592,0,0.00
1596,0,0.00
1600,0,0.00
1604,0,0.00
1608,0,0.00
1612,0,0.00
1616,0,0.00
1620,0,0.00
1624,0,0.00
1628,0,0.00
1632,0,0.00
1636,0,0.00
1640,0,0.00
1644,0,0.00
1648,0,0.00
1652,0,0.00
1656,0,0.00
1660,0,0.00
1664,0,0.00
1668,0,0.00
1672,0,0.00
1676,0,0.00
1680,0,0.00
1684,0,0.00
1688,0,0.00
1692,0,0.00
1696,0,0.00
1700,0,0.00
1704,0,0.00
1708,0,0.00
1712,0,0.00
1716,0,0.00
1720,0,0.00
1724,0,0.00
1728,0,0.00
1732,0,0.00
1736,0,0.00
1740,0,0.00
1744,0,0.00
1748,0,0.00
1752,0,0.00
1756,0,0.00
1760,0,0.00
1764,0,0.00
1768,0,0.00
1772,0,0.00
1776,0,0.00
1780,0,0.00
1784,0,0.00
1788,0,0.00
1792,0,0.00
1796,0,0.00
1800,0,0.00
1804,0,0.00
1808,0,0.00
1812,0,0.00
1816,0,0.00
1820,0,0.00
1824,0,0.00
1828,0,0.00
1832,0,0.00
1836,0,0.00
1840,0,0.00
1844,0,0.00
1848,0,0.00
1852,0,0.00
1856,0,0.00
1860,0,0.00
1864,0,0.00
1868,0,0.00
1872,0,0.00
1876,0,0.00
1880,0,0.00
1884,0,0.00
1888,0,0.00
1892,0,0.00
1896,0,0.00
1900,0,0.00
1904,0,0.00
1908,0,0.00
1912,0,0.00
1916,0,0.00
1920,0,0.00
1924,0,0.00
1928,0,0.00
1932,0,0.00
1936,0,0.00
1940,0,0.00
1944,0,0.00
1948,0,0.00
1952,0,0.00
1956,0,0.00
1960,0,0.00
1964,0,0.00
1968,0,0.00
1972,0,0.00
1976,0,0.00
1980,0,0.00
1984,0,0.00
1988,0,0.00
1992,0,0.00
1996,0,0.00
2000,20,0.00
2004,20,0.00
2008,20,0.00
2012,20,0.00
2016,20,0.00
2020,20,0.00
2024,20,0.00
2028,20,0.00
2032,20,0.00
2036,20,0.00
2040,20,0.00
2044,20,0.00
2048,20,0.00
2052,20,0.00
2056,20,0.00
2060,20,0.00
2064,20,0.00
2068,20,0.00
2072,20,0.00
2076,20,0.00
2080,20,0.00
2084,20,0.00
2088,20,0.00
2092,20,0.00
2096,20,0.00
2100,20,0.00
2104,20,0.00
2108,20,0.00
2112,20,0.00
2116,20,0.00
2120,20,0.00
2124,20,0.00
2128,20,0.00
2132,20,0.00
2136,20,0.00
2140,20,0.00
2144,20,0.00
2148,20,0.00
2152,20,0.00
2156,20,0.00
2160,20,0.00
2164,20,0.00
2168,20,0.00
2172,20,0.00
2176,20,0.00
2180,20,0.00
2184,20,0.00
2188,20,0.00
2192,20,0.00
2196,20,0.00
2200,20,0.00
2204,20,0.00
2208,20,0.00
2212,20,0.00
2216,20,0.00
2220,20,0.00
2224,20,0.00
2228,20,0.00
2232,20,0.00
2236,20,0.00
2240,20,0.00
2244,20,0.00
2248,20,0.00
2252,20,0.00
2256,20,0.00
2260,20,0.00
2264,20,0.00
2268,20,0.00
2272,20,0.00
2276,20,0.00
2280,20,0.00
2284,20,0.00
2288,20,0.00
2292,20,0.00
2296,20,0.00
2300,20,0.00
2304,20,0.00
2308,20,0.00
2312,20,0.00
2316,20,0.00
2320,20,0.00
2324,20,0.00
2328,20,0.00
2332,20,0.00
2336,20,0.00
2340,20,0.00
2344,20,0.00
2348,20,0.00
2352,20,0.00
2356,20,0.00
2360,20,0.00
2364,20,0.00
2368,20,0.00
2372,20,0.00
2376,20,0.00
2380,20,0.00
2384,20,0.00
2388,20,0.00
2392,20,0.00
2396,20,0.00
2400,20,0.00
2404,20,0.00
2408,20,0.00
2412,20,0.00
2416,20,0.00
2420,20,0.00
2424,20,0.00
2428,20,0.00
2432,20,0.00
2436,20,0.00
2440,20,0.00
2444,20,0.00
2448,20,0.00
2452,20,0.00
2456,20,0.00
2460,20,0.00
2464,20,0.00
2468,20,0.00
2472,20,0.00
2476,20,0.00
2480,20,0.00
2484,20,0.00
2488,20,0.00
2492,20,0.00
2496,20,0.00
2500,20,0.00
2504,20,0.00
2508,20,0.00
2512,20,0.00
2516,20,0.00
2520,20,0.00
2524,20,0.00
2528,20,0.00
2532,20,0.00
2536,20,0.00
2540,20,0.00
2544,20,0.00
2548,20,0.00
2552,20,0.00
2556,20,0.00
2560,20,0.00
2564,20,0.00
2568,20,0.00
2572,20,0.00
2576,20,0.00
2580,20,0.00
2584,20,0.00
2588,20,0.00
2592,20,0.00
2596,20,0.00
2600,20,0.00
2604,20,0.00
2608,20,0.00
2612,20,0.00
2616,20,0.00
2620,20,0.00
2624,20,0.00
2628,20,0.00
2632,20,0.00
2636,20,0.00
2640,20,0.00
2644,20,0.00
2648,20,0.00
2652,20,0.00
2656,20,0.00
2660,20,0.00
2664,20,0.00
2668,20,0.00
2672,20,0.00
2676,20,0.00
2680,20,0.00
2684,20,0.00
2688,20,0.00
2692,20,0.00
2696,20,0.00
2700,20,0.00
2704,20,0.00
2708,20,0.00
2712,20,0.00
2716,20,0.00
2720,20,0.00
2724,20,0.00
2728,20,0.00
2732,20,0.00
2736,20,0.00
2740,20,0.00
2744,20,0.00
2748,20,0.00
2752,20,0.00
2756,20,0.00
2760,20,0.00
2764,20,0.00
2768,20,0.00
2772,20,0.00
2776,20,0.00
2780,20,0.00
2784,20,0.00
2788,20,0.00
2792,20,0.00
2796,20,0.00
2800,20,0.00
2804,20,0.00
2808,20,0.00
2812,20,0.00
2816,20,0.00
2820,20,0.00
2824,20,0.00
2828,20,0.00
2832,20,0.00
2836,20,0.00
2840,20,0.00
2844,20,0.00
2848,20,0.00
2852,20,0.00
2856,20,0.00
2860,20,0.00
2864,20,0.00
2868,20,0.00
2872,20,0.00
2876,20,0.00
2880,20,0.00
2884,20,0.00
2888,20,0.00
2892,20,0.00
2896,20,0.00
2900,20,0.00
2904,20,0.00
2908,20,0.00
2912,20,0.00
2916,20,0.00
2920,20,0.00
2924,20,0.00
2928,20,0.00
2932,20,0.00
2936,20,0.00
2940,20,0.00
2944,20,0.00
2948,20,0.00
2952,20,0.00
2956,20,0.00
2960,20,0.00
2964,20,0.00
2968,20,0.00
2972,20,0.00
2976,20,0.00
2980,20,0.00
2984,20,0.00
2988,20,0.00
2992,20,0.00
2996,20,0.00
3000,20,0.00
3004,20,0.00
3008,20,0.00
3012,20,0.00
3016,20,0.00
3020,20,0.00
3024,20,0.00
3028,20,0.00
3032,20,0.00
3036,20,0.00
3040,20,0.00
3044,20,0.00
3048,20,0.00
3052,20,0.00
3056,20,0.00
3060,20,0.00
3064,20,0.00
3068,20,0.00
3072,20,0.00
3076,20,0.00
3080,20,0.00
3084,20,0.00
3088,20,0.00
3092,20,0.00
3096,20,0.00
3100,20,0.00
3104,20,0.00
3108,20,0.00
3112,20,0.00
3116,20,0.00
3120,20,0.00
3124,20,0.00
3128,20,0.00
3132,20,0.00
3136,20,0.00
3140,20,0.00
3144,20,0.00
3148,20,0.00
3152,20,0.00
3156,20,0.00
3160,20,0.00
3164,20,0.00
3168,20,0.00
3172,20,0.00
3176,20,0.00
3180,20,0.00
3184,20,0.00
3188,20,0.00
3192,20,0.00
3196,20,0.00
3200,20,0.00
3204,20,0.00
3208,20,0.00
3212,20,0.00
3216,20,0.00
3220,20,0.00
3224,20,0.00
3228,20,0.00
3232,20,0.00
3236,20,0.00
3240,20,0.00
3244,20,0.00
3248,20,0.00
3252,20,0.00
3256,20,0.00
3260,20,0.00
3264,20,0.00
3268,20,0.00
3272,20,0.00
3276,20,0.00
3280,20,0.00
3284,20,0.00
3288,20,0.00
3292,20,0.00
3296,20,0.00
3300,20,0.00
3304,20,0.00
3308,20,0.00
3312,20,0.00
3316,20,0.00
3320,20,0.00
3324,20,0.00
3328,20,0.00
3332,20,0.00
3336,20,0.00
3340,20,0.00
3344,20,0.00
3348,20,0.00
3352,20,0.00
3356,20,0.00
3360,20,0.00
3364,20,0.00
3368,20,0.00
3372,20,0.00
3376,20,0.00
3380,20,0.00
3384,20,0.00
3388,20,0.00
3392,20,0.00
3396,20,0.00
3400,20,0.00
3404,20,0.00
3408,20,0.00
3412,20,0.00
3416,20,0.00
3420,20,0.00
3424,20,0.00
3428,20,0.00
3432,20,0.00
3436,20,0.00
3440,20,0.00
3444,20,0.00
3448,20,0.00
3452,20,0.00
3456,20,0.00
3460,20,0.00
3464,20,0.00
3468,20,0.00
3472,20,0.00
3476,20,0.00
3480,20,0.00
3484,20,0.00
3488,20,0.00
3492,20,0.00
3496,20,0.00
3500,20,0.00
3504,20,0.00
3508,20,0.00
3512,20,0.00
3516,20,0.00
3520,20,0.00
3524,20,0.00
3528,20,0.00
3532,20,0.00
3536,20,0.00
3540,20,0.00
3544,20,0.00
3548,20,0.00
3552,20,0.00
3556,20,0.00
3560,20,0.00
3564,20,0.00
3568,20,0.00
3572,20,0.00
3576,20,0.00
3580,20,0.00
3584,20,0.00
3588,20,0.00
3592,20,0.00
3596,20,0.00
3600,20,0.00
3604,20,0.00
3608,20,0.00
3612,20,0.00
3616,20,0.00
3620,20,0.00
3624,20,0.00
3628,20,0.00
3632,20,0.00
3636,20,0.00
3640,20,0.00
3644,20,0.00
3648,20,0.00
3652,20,0.00
3656,20,0.00
3660,20,0.00
3664,20,0.00
3668,20,0.00
3672,20,0.00
3676,20,0.00
3680,20,0.00
3684,20,0.00
3688,20,0.00
3692,20,0.00
3696,20,0.00
3700,20,0.00
3704,20,0.00
3708,20,0.00
3712,20,0.00
3716,20,0.00
3720,20,0.00
3724,20,0.00
3728,20,0.00
3732,20,0.00
3736,20,0.00
3740,20,0.00
3744,20,0.00
3748,20,0.00
3752,20,0.00
3756,20,0.00
3760,20,0.00
3764,20,0.00
3768,20,0.00
3772,20,0.00
3776,20,0.00
3780,20,0.00
3784,20,0.00
3788,20,0.00
3792,20,0.00
3796,20,0.00
3800,20,0.00
3804,20,0.00
3808,20,0.00
3812,20,0.00
3816,20,0.00
3820,20,0.00
3824,20,0.00
3828,20,0.00
3832,20,0.00
3836,20,0.00
3840,20,0.00
3844,20,0.00
3848,20,0.00
3852,20,0.00
3856,20,0.00
3860,20,0.00
3864,20,0.00
3868,20,0.00
3872,20,0.00
3876,20,0.00
3880,20,0.00
3884,20,0.00
3888,20,0.00
3892,20,0.00
3896,20,0.00
3900,20,0.00
3904,20,0.00
3908,20,0.00
3912,20,0.00
3916,20,0.00
3920,20,0.00
3924,20,0.00
3928,20,0.00
3932,20,0.00
3936,20,0.00
3940,20,0.00
3944,20,0.00
3948,20,0.00
3952,20,0.00
3956,20,0.00
3960,20,0.00
3964,20,0.00
3968,20,0.00
3972,20,0.00
3976,20,0.00
3980,20,0.00
3984,20,0.00
3988,20,0.00
3992,20,0.00
3996,20,0.00
4000,40,0.00
4004,40,0.00
4008,40,0.00
4012,40,0.00
4016,40,0.00
4020,40,0.00
4024,40,0.00
4028,40,750.00
4032,40,0.00
4036,40,0.00
4040,40,750.00
4044,40,0.00
4048,40,0.00
4052,40,750.00
4056,40,0.00
4060,40,0.00
4064,40,750.00
4068,40,750.00
4072,40,0.00
4076,40,750.00
4080,40,0.00
4084,40,750.00
4088,40,750.00
4092,40,750.00
4096,40,0.00
4100,40,750.00
4104,40,750.00
4108,40,750.00
4112,40,750.00
4116,40,0.00
4120,40,750.00
4124,40,750.00
4128,40,750.00
4132,40,750.00
4136,40,750.00
4140,40,750.00
4144,40,1500.00
4148,40,750.00
4152,40,750.00
4156,40,750.00
4160,40,750.00
4164,40,1500.00
4168,40,750.00
4172,40,750.00
4176,40,750.00
4180,40,1500.00
4184,40,750.00
4188,40,1500.00
4192,40,750.00
4196,40,750.00
4200,40,1500.00
4204,40,750.00
4208,40,1500.00
4212,40,1500.00
4216,40,750.00
4220,40,1500.00
4224,40,1500.00
4228,40,750.00
4232,40,1500.00
4236,40,1500.00
4240,40,750.00
4244,40,1500.00
4248,40,1500.00
4252,40,1500.00
4256,40,1500.00
4260,40,1500.00
4264,40,750.00
4268,40,1500.00
4272,40,1500.00
4276,40,1500.00
4280,40,1500.00
4284,40,1500.00
4288,40,1500.00
4292,40,1500.00
4296,40,1500.00
4300,40,2250.00
4304,40,1500.00
4308,40,1500.00
4312,40,1500.00
4316,40,1500.00
4320,40,1500.00
4324,40,2250.00
4328,40,1500.00
4332,40,1500.00
4336,40,2250.00
4340,40,1500.00
4344,40,1500.00
4348,40,2250.00
4352,40,1500.00
4356,40,1500.00
4360,40,2250.00
4364,40,1500.00
4368,40,2250.00
4372,40,1500.00
4376,40,2250.00
4380,40,1500.00
4384,40,2250.00
4388,40,2250.00
4392,40,1500.00
4396,40,2250.00
4400,40,2250.00
4404,40,1500.00
4408,40,2250.00
4412,40,2250.00
4416,40,1500.00
4420,40,2250.00
4424,40,2250.00
4428,40,2250.00
4432,40,2250.00
4436,40,1500.00
4440,40,2250.00
4444,40,2250.00
4448,40,2250.00
4452,40,2250.00
4456,40,2250.00
4460,40,2250.00
4464,40,2250.00
4468,40,2250.00
4472,40,2250.00
4476,40,2250.00
4480,40,2250.00
4484,40,2250.00
4488,40,2250.00
4492,40,2250.00
4496,40,2250.00
4500,40,2250.00
4504,40,2250.00
4508,40,2250.00
4512,40,3000.00
4516,40,2250.00
4520,40,2250.00
4524,40,2250.00
4528,40,2250.00
4532,40,3000.00
4536,40,2250.00
4540,40,2250.00
4544,40,2250.00
4548,40,3000.00
4552,40,2250.00
4556,40,2250.00
4560,40,3000.00
4564,40,2250.00
4568,40,3000.00
4572,40,2250.00
4576,40,2250.00
4580,40,3000.00
4584,40,2250.00
4588,40,3000.00
4592,40,2250.00
4596,40,3000.00
4600,40,2250.00
4604,40,3000.00
4608,40,2250.00
4612,40,3000.00
4616,40,2250.00
4620,40,3000.00
4624,40,3000.00
4628,40,2250.00
4632,40,3000.00
4636,40,2250.00
4640,40,3000.00
4644,40,3000.00
4648,40,2250.00
4652,40,3000.00
4656,40,3000.00
4660,40,3000.00
4664,40,2250.00
4668,40,3000.00
4672,40,3000.00
4676,40,3000.00
4680,40,2250.00
4684,40,3000.00
4688,40,3000.00
4692,40,3000.00
4696,40,3000.00
4700,40,2250.00
4704,40,3000.00
4708,40,3000.00
4712,40,3000.00
4716,40,3000.00
4720,40,3000.00
4724,40,3000.00
4728,40,3000.00
4732,40,3000.00
4736,40,3000.00
4740,40,3000.00
4744,40,3000.00
4748,40,3000.00
4752,40,3000.00
4756,40,3000.00
4760,40,3000.00
4764,40,3000.00
4768,40,3000.00
4772,40,3000.00
4776,40,3000.00
4780,40,3000.00
4784,40,3000.00
4788,40,3000.00
4792,40,3750.00
4796,40,3000.00
4800,40,3000.00
4804,40,3000.00
4808,40,3000.00
4812,40,3750.00
4816,40,3000.00
4820,40,3000.00
4824,40,3000.00
4828,40,3000.00
4832,40,3750.00
4836,40,3000.00
4840,40,3000.00
4844,40,3000.00
4848,40,3750.00
4852,40,3000.00
4856,40,3000.00
4860,40,3750.00
4864,40,3000.00
4868,40,3000.00
4872,40,3750.00
4876,40,3000.00
4880,40,3000.00
4884,40,3750.00
4888,40,3000.00
4892,40,3750.00
4896,40,3000.00
4900,40,3750.00
4904,40,3000.00
4908,40,3750.00
4912,40,3000.00
4916,40,3750.00
4920,40,3000.00
4924,40,3750.00
4928,40,3000.00
4932,40,3750.00
4936,40,3000.00
4940,40,3750.00
4944,40,3000.00
4948,40,3750.00
4952,40,3000.00
4956,40,3750.00
4960,40,3750.00
4964,40,3000.00
4968,40,3750.00
4972,40,3000.00
4976,40,3750.00
4980,40,3750.00
4984,40,3000.00
4988,40,3750.00
4992,40,3750.00
4996,40,3000.00
5000,40,3750.00
5004,40,3750.00
5008,40,3750.00
5012,40,3000.00
5016,40,3750.00
5020,40,3750.00
5024,40,3750.00
5028,40,3000.00
5032,40,3750.00
5036,40,3750.00
5040,40,3750.00
5044,40,3750.00
5048,40,3000.00
5052,40,3750.00
5056,40,3750.00
5060,40,3750.00
5064,40,3750.00
5068,40,3000.00
5072,40,3750.00
5076,40,3750.00
5080,40,3750.00
5084,40,3750.00
5088,40,3750.00
5092,40,3750.00
5096,40,3750.00
5100,40,3750.00
5104,40,3750.00
5108,40,3750.00
5112,40,3000.00
5116,40,3750.00
5120,40,3750.00
5124,40,3750.00
5128,40,3750.00
5132,40,3750.00
5136,40,3750.00
5140,40,3750.00
5144,40,3750.00
5148,40,3750.00
5152,40,3750.00
5156,40,4500.00
5160,40,3750.00
5164,40,3750.00
5168,40,3750.00
5172,40,3750.00
5176,40,3750.00
5180,40,3750.00
5184,40,3750.00
5188,40,3750.00
5192,40,3750.00
5196,40,3750.00
5200,40,4500.00
5204,40,3750.00
5208,40,3750.00
5212,40,3750.00
5216,40,3750.00
5220,40,3750.00
5224,40,4500.00
5228,40,3750.00
5232,40,3750.00
5236,40,3750.00
5240,40,3750.00
5244,40,3750.00
5248,40,4500.00
5252,40,3750.00
5256,40,3750.00
5260,40,3750.00
5264,40,4500.00
5268,40,3750.00
5272,40,3750.00
5276,40,3750.00
5280,40,4500.00
5284,40,3750.00
5288,40,3750.00
5292,40,3750.00
5296,40,4500.00
5300,40,3750.00
5304,40,3750.00
5308,40,4500.00
5312,40,3750.00
5316,40,3750.00
5320,40,4500.00
5324,40,3750.00
5328,40,3750.00
5332,40,4500.00
5336,40,3750.00
5340,40,3750.00
5344,40,4500.00
5348,40,3750.00
5352,40,3750.00
5356,40,4500.00
5360,40,3750.00
5364,40,3750.00
5368,40,4500.00
5372,40,3750.00
5376,40,4500.00
5380,40,3750.00
5384,40,4500.00
5388,40,3750.00
5392,40,3750.00
5396,40,4500.00
5400,40,3750.00
5404,40,4500.00
5408,40,3750.00
5412,40,4500.00
5416,40,3750.00
5420,40,3750.00
5424,40,4500.00
5428,40,3750.00
5432,40,4500.00
5436,40,3750.00
5440,40,4500.00
5444,40,3750.00
5448,40,4500.00
5452,40,3750.00
5456,40,4500.00
5460,40,3750.00
5464,40,4500.00
5468,40,3750.00
5472,40,4500.00
5476,40,3750.00
5480,40,4500.00
5484,40,3750.00
5488,40,4500.00
5492,40,3750.00
5496,40,4500.00
5500,40,4500.00
5504,40,3750.00
5508,40,4500.00
5512,40,3750.00
5516,40,4500.00
5520,40,3750.00
5524,40,4500.00
5528,40,4500.00
5532,40,3750.00
5536,40,4500.00
5540,40,3750.00
5544,40,4500.00
5548,40,4500.00
5552,40,3750.00
5556,40,4500.00
5560,40,4500.00
5564,40,3750.00
5568,40,4500.00
5572,40,4500.00
5576,40,3750.00
5580,40,4500.00
5584,40,3750.00
5588,40,4500.00
5592,40,4500.00
5596,40,3750.00
5600,40,4500.00
5604,40,4500.00
5608,40,3750.00
5612,40,4500.00
5616,40,4500.00
5620,40,3750.00
5624,40,4500.00
5628,40,4500.00
5632,40,4500.00
5636,40,3750.00
5640,40,4500.00
5644,40,4500.00
5648,40,3750.00
5652,40,4500.00
5656,40,4500.00
5660,40,4500.00
5664,40,3750.00
5668,40,4500.00
5672,40,4500.00
5676,40,3750.00
5680,40,4500.00
5684,40,4500.00
5688,40,4500.00
5692,40,3750.00
5696,40,4500.00
5700,40,4500.00
5704,40,4500.00
5708,40,3750.00
5712,40,4500.00
5716,40,4500.00
5720,40,4500.00
5724,40,4500.00
5728,40,4500.00
5732,40,3750.00
5736,40,4500.00
5740,40,4500.00
5744,40,4500.00
5748,40,3750.00
5752,40,4500.00
5756,40,4500.00
5760,40,4500.00
5764,40,4500.00
5768,40,4500.00
5772,40,3750.00
5776,40,4500.00
5780,40,4500.00
5784,40,4500.00
5788,40,4500.00
5792,40,4500.00
5796,40,4500.00
5800,40,3750.00
5804,40,4500.00
5808,40,4500.00
5812,40,4500.00
5816,40,4500.00
5820,40,4500.00
5824,40,4500.00
5828,40,3750.00
5832,40,4500.00
5836,40,4500.00
5840,40,4500.00
5844,40,4500.00
5848,40,4500.00
5852,40,4500.00
5856,40,3750.00
5860,40,4500.00
5864,40,4500.00
5868,40,4500.00
5872,40,4500.00
5876,40,4500.00
5880,40,4500.00
5884,40,4500.00
5888,40,4500.00
5892,40,4500.00
5896,40,4500.00
5900,40,4500.00
5904,40,4500.00
5908,40,3750.00
5912,40,4500.00
5916,40,4500.00
5920,40,4500.00
5924,40,4500.00
5928,40,4500.00
5932,40,4500.00
5936,40,4500.00
5940,40,4500.00
5944,40,4500.00
5948,40,4500.00
5952,40,4500.00
5956,40,4500.00
5960,40,4500.00
5964,40,4500.00
5968,40,4500.00
5972,40,4500.00
5976,40,4500.00
5980,40,4500.00
5984,40,4500.00
5988,40,4500.00
5992,40,4500.00
5996,40,4500.00
6000,60,4500.00
6004,60,4500.00
6008,60,4500.00
6012,60,4500.00
6016,60,4500.00
6020,60,4500.00
6024,60,5250.00
6028,60,4500.00
6032,60,4500.00
6036,60,5250.00
6040,60,4500.00
6044,60,5250.00
6048,60,4500.00
6052,60,5250.00
6056,60,5250.00
6060,60,4500.00
6064,60,5250.00
6068,60,5250.00
6072,60,5250.00
6076,60,5250.00
6080,60,5250.00
6084,60,5250.00
6088,60,5250.00
6092,60,5250.00
6096,60,5250.00
6100,60,5250.00
6104,60,5250.00
6108,60,6000.00
6112,60,5250.00
6116,60,5250.00
6120,60,6000.00
6124,60,5250.00
6128,60,6000.00
6132,60,5250.00
6136,60,5250.00
6140,60,6000.00
6144,60,6000.00
6148,60,5250.00
6152,60,6000.00
6156,60,6000.00
6160,60,6000.00
6164,60,5250.00
6168,60,6000.00
6172,60,6000.00
6176,60,6000.00
6180,60,6000.00
6184,60,6000.00
6188,60,6000.00
6192,60,6000.00
6196,60,6000.00
6200,60,6000.00
6204,60,6000.00
6208,60,6750.00
6212,60,6000.00
6216,60,6000.00
6220,60,6000.00
6224,60,6000.00
6228,60,6750.00
6232,60,6000.00
6236,60,6750.00
6240,60,6000.00
6244,60,6000.00
6248,60,6750.00
6252,60,6750.00
6256,60,6000.00
6260,60,6750.00
6264,60,6000.00
6268,60,6750.00
6272,60,6750.00
6276,60,6000.00
6280,60,6750.00
6284,60,6750.00
6288,60,6750.00
6292,60,6000.00
6296,60,6750.00
6300,60,6750.00
6304,60,6750.00
6308,60,6750.00
6312,60,6750.00
6316,60,6750.00
6320,60,6750.00
6324,60,6750.00
6328,60,6750.00
6332,60,6750.00
6336,60,7500.00
6340,60,6750.00
6344,60,6750.00
6348,60,7500.00
6352,60,6750.00
6356,60,6750.00
6360,60,6750.00
6364,60,7500.00
6368,60,6750.00
6372,60,6750.00
6376,60,6750.00
6380,60,7500.00
6384,60,6750.00
6388,60,7500.00
6392,60,6750.00
6396,60,6750.00
6400,60,7500.00
6404,60,6750.00
6408,60,7500.00
6412,60,6750.00
6416,60,7500.00
6420,60,6750.00
6424,60,7500.00
6428,60,7500.00
6432,60,6750.00
6436,60,7500.00
6440,60,7500.00
6444,60,6750.00
6448,60,7500.00
6452,60,7500.00
6456,60,6750.00
6460,60,7500.00
6464,60,7500.00
6468,60,7500.00
6472,60,7500.00
6476,60,6750.00
6480,60,7500.00
6484,60,7500.00
6488,60,7500.00
6492,60,7500.00
6496,60,7500.00
6500,60,7500.00
6504,60,7500.00
6508,60,6750.00
6512,60,7500.00
6516,60,7500.00
6520,60,7500.00
6524,60,7500.00
6528,60,7500.00
6532,60,8250.00
6536,60,7500.00
6540,60,7500.00
6544,60,7500.00
6548,60,7500.00
6552,60,7500.00
6556,60,7500.00
6560,60,7500.00
6564,60,7500.00
6568,60,8250.00
6572,60,7500.00
6576,60,7500.00
6580,60,7500.00
6584,60,7500.00
6588,60,7500.00
6592,60,8250.00
6596,60,7500.00
6600,60,7500.00
6604,60,7500.00
6608,60,8250.00
6612,60,7500.00
6616,60,7500.00
6620,60,8250.00
6624,60,7500.00
6628,60,7500.00
6632,60,8250.00
6636,60,7500.00
6640,60,7500.00
6644,60,8250.00
6648,60,7500.00
6652,60,7500.00
6656,60,8250.00
6660,60,7500.00
6664,60,8250.00
6668,60,7500.00
6672,60,8250.00
6676,60,7500.00
6680,60,7500.00
6684,60,8250.00
6688,60,7500.00
6692,60,8250.00
6696,60,7500.00
6700,60,8250.00
6704,60,7500.00
6708,60,8250.00
6712,60,7500.00
6716,60,8250.00
6720,60,7500.00
6724,60,8250.00
6728,60,8250.00
6732,60,7500.00
6736,60,8250.00
6740,60,7500.00
6744,60,8250.00
6748,60,8250.00
6752,60,7500.00
6756,60,8250.00
6760,60,7500.00
6764,60,8250.00
6768,60,8250.00
6772,60,7500.00
6776,60,8250.00
6780,60,7500.00
6784,60,8250.00
6788,60,8250.00
6792,60,8250.00
6796,60,7500.00
6800,60,8250.00
6804,60,8250.00
6808,60,7500.00
6812,60,8250.00
6816,60,8250.00
6820,60,7500.00
6824,60,8250.00
6828,60,8250.00
6832,60,8250.00
6836,60,7500.00
6840,60,8250.00
6844,60,8250.00
6848,60,8250.00
6852,60,7500.00
6856,60,8250.00
6860,60,8250.00
6864,60,8250.00
6868,60,8250.00
6872,60,7500.00
6876,60,8250.00
6880,60,8250.00
6884,60,8250.00
6888,60,8250.00
6892,60,7500.00
6896,60,8250.00
6900,60,8250.00
6904,60,8250.00
6908,60,8250.00
6912,60,8250.00
6916,60,7500.00
6920,60,8250.00
6924,60,8250.00
6928,60,8250.00
6932,60,8250.00
6936,60,8250.00
6940,60,8250.00
6944,60,7500.00
6948,60,8250.00
6952,60,8250.00
6956,60,8250.00
6960,60,8250.00
6964,60,8250.00
6968,60,8250.00
6972,60,8250.00
6976,60,8250.00
6980,60,7500.00
6984,60,8250.00
6988,60,8250.00
6992,60,8250.00
6996,60,8250.00
7000,60,8250.00
7004,60,8250.00
7008,60,8250.00
7012,60,8250.00
7016,60,8250.00
7020,60,8250.00
7024,60,8250.00
7028,60,8250.00
7032,60,7500.00
7036,60,9000.00
7040,60,7500.00
7044,60,8250.00
7048,60,8250.00
7052,60,8250.00
7056,60,8250.00
7060,60,8250.00
7064,60,8250.00
7068,60,8250.00
7072,60,8250.00
7076,60,8250.00
7080,60,8250.00
7084,60,8250.00
7088,60,8250.00
7092,60,8250.00
7096,60,8250.00
7100,60,8250.00
7104,60,8250.00
7108,60,8250.00
7112,60,8250.00
7116,60,8250.00
7120,60,8250.00
7124,60,8250.00
7128,60,8250.00
7132,60,8250.00
7136,60,9000.00
7140,60,7500.00
7144,60,9000.00
7148,60,8250.00
7152,60,8250.00
7156,60,8250.00
7160,60,8250.00
7164,60,8250.00
7168,60,8250.00
7172,60,8250.00
7176,60,8250.00
7180,60,8250.00
7184,60,8250.00
7188,60,8250.00
7192,60,8250.00
7196,60,8250.00
7200,60,8250.00
7204,60,8250.00
7208,60,8250.00
7212,60,8250.00
7216,60,9000.00
7220,60,8250.00
7224,60,8250.00
7228,60,8250.00
7232,60,8250.00
7236,60,8250.00
7240,60,8250.00
7244,60,8250.00
7248,60,8250.00
7252,60,8250.00
7256,60,8250.00
7260,60,9000.00
7264,60,8250.00
7268,60,8250.00
7272,60,8250.00
7276,60,8250.00
7280,60,8250.00
7284,60,8250.00
7288,60,8250.00
7292,60,8250.00
7296,60,9000.00
7300,60,7500.00
7304,60,9000.00
7308,60,8250.00
7312,60,8250.00
7316,60,8250.00
7320,60,8250.00
7324,60,8250.00
7328,60,8250.00
7332,60,9000.00
7336,60,7500.00
7340,60,9000.00
7344,60,8250.00
7348,60,8250.00
7352,60,8250.00
7356,60,8250.00
7360,60,8250.00
7364,60,8250.00
7368,60,9000.00
7372,60,8250.00
7376,60,8250.00
7380,60,8250.00
7384,60,8250.00
7388,60,8250.00
7392,60,8250.00
7396,60,9000.00
7400,60,7500.00
7404,60,9000.00
7408,60,8250.00
7412,60,8250.00
7416,60,8250.00
7420,60,8250.00
7424,60,8250.00
7428,60,9000.00
7432,60,8250.00
7436,60,8250.00
7440,60,8250.00
7444,60,8250.00
7448,60,8250.00
7452,60,8250.00
7456,60,9000.00
7460,60,8250.00
7464,60,8250.00
7468,60,8250.00
7472,60,8250.00
7476,60,8250.00
7480,60,8250.00
7484,60,9000.00
7488,60,8250.00
7492,60,8250.00
7496,60,8250.00
7500,60,8250.00
7504,60,9000.00
7508,60,7500.00
7512,60,9000.00
7516,60,8250.00
7520,60,8250.00
7524,60,8250.00
7528,60,8250.00
7532,60,9000.00
7536,60,8250.00
7540,60,8250.00
7544,60,8250.00
7548,60,8250.00
7552,60,8250.00
7556,60,9000.00
7560,60,8250.00
7564,60,8250.00
7568,60,8250.00
7572,60,8250.00
7576,60,8250.00
7580,60,8250.00
7584,60,9000.00
7588,60,8250.00
7592,60,8250.00
7596,60,8250.00
7600,60,8250.00
7604,60,9000.00
7608,60,8250.00
7612,60,8250.00
7616,60,8250.00
7620,60,8250.00
7624,60,8250.00
7628,60,9000.00
7632,60,8250.00
7636,60,8250.00
7640,60,8250.00
7644,60,8250.00
7648,60,9000.00
7652,60,8250.00
7656,60,8250.00
7660,60,8250.00
7664,60,8250.00
7668,60,8250.00
7672,60,8250.00
7676,60,9000.00
7680,60,8250.00
7684,60,8250.00
7688,60,8250.00
7692,60,8250.00
7696,60,9000.00
7700,60,8250.00
7704,60,8250.00
7708,60,8250.00
7712,60,8250.00
7716,60,8250.00
7720,60,9000.00
7724,60,8250.00
7728,60,8250.00
7732,60,8250.00
7736,60,8250.00
7740,60,9000.00
7744,60,8250.00
7748,60,8250.00
7752,60,8250.00
7756,60,8250.00
7760,60,9000.00
7764,60,8250.00
7768,60,8250.00
7772,60,8250.00
7776,60,8250.00
7780,60,8250.00
7784,60,9000.00
7788,60,8250.00
7792,60,8250.00
7796,60,8250.00
7800,60,8250.00
7804,60,9000.00
7808,60,8250.00
7812,60,8250.00
7816,60,8250.00
7820,60,9000.00
7824,60,8250.00
7828,60,8250.00
7832,60,8250.00
7836,60,8250.00
7840,60,9000.00
7844,60,8250.00
7848,60,8250.00
7852,60,8250.00
7856,60,8250.00
7860,60,8250.00
7864,60,9000.00
7868,60,8250.00
7872,60,8250.00
7876,60,8250.00
7880,60,8250.00
7884,60,9000.00
7888,60,8250.00
7892,60,8250.00
7896,60,8250.00
7900,60,8250.00
7904,60,9000.00
7908,60,8250.00
7912,60,8250.00
7916,60,8250.00
7920,60,8250.00
7924,60,9000.00
7928,60,8250.00
7932,60,8250.00
7936,60,8250.00
7940,60,8250.00
7944,60,8250.00
7948,60,9000.00
7952,60,8250.00
7956,60,8250.00
7960,60,8250.00
7964,60,9000.00
7968,60,8250.00
7972,60,8250.00
7976,60,8250.00
7980,60,8250.00
7984,60,9000.00
7988,60,8250.00
7992,60,8250.00
7996,60,8250.00
8000,80,8250.00
8004,80,9000.00
8008,80,8250.00
8012,80,8250.00
8016,80,9000.00
8020,80,8250.00
8024,80,9000.00
8028,80,8250.00
8032,80,9000.00
8036,80,8250.00
8040,80,9000.00
8044,80,9000.00
8048,80,9000.00
8052,80,9000.00
8056,80,8250.00
8060,80,9750.00
8064,80,8250.00
8068,80,9000.00
8072,80,9750.00
8076,80,8250.00
8080,80,9750.00
8084,80,9000.00
8088,80,9000.00
8092,80,9000.00
8096,80,9750.00
8100,80,9000.00
8104,80,9000.00
8108,80,9750.00
8112,80,9000.00
8116,80,9750.00
8120,80,9000.00
8124,80,9750.00
8128,80,9000.00
8132,80,9750.00
8136,80,9750.00
8140,80,9000.00
8144,80,9750.00
8148,80,9750.00
8152,80,9000.00
8156,80,9750.00
8160,80,9750.00
8164,80,9750.00
8168,80,9750.00
8172,80,9000.00
8176,80,10500.00
8180,80,9000.00
8184,80,9750.00
8188,80,10500.00
8192,80,9000.00
8196,80,9750.00
8200,80,10500.00
8204,80,9750.00
8208,80,9750.00
8212,80,9750.00
8216,80,9750.00
8220,80,9750.00
8224,80,10500.00
8228,80,9750.00
8232,80,9750.00
8236,80,9750.00
8240,80,9750.00
8244,80,10500.00
8248,80,9750.00
8252,80,9750.00
8256,80,10500.00
8260,80,9750.00
8264,80,9750.00
8268,80,10500.00
8272,80,9750.00
8276,80,10500.00
8280,80,9750.00
8284,80,10500.00
8288,80,10500.00
8292,80,10500.00
8296,80,9750.00
8300,80,10500.00
8304,80,9750.00
8308,80,10500.00
8312,80,10500.00
8316,80,9750.00
8320,80,10500.00
8324,80,9750.00
8328,80,10500.00
8332,80,10500.00
8336,80,9750.00
8340,80,10500.00
8344,80,10500.00
8348,80,10500.00
8352,80,9750.00
8356,80,10500.00
8360,80,10500.00
8364,80,9750.00
8368,80,10500.00
8372,80,10500.00
8376,80,10500.00
8380,80,9750.00
8384,80,10500.00
8388,80,10500.00
8392,80,10500.00
8396,80,10500.00
8400,80,10500.00
8404,80,9750.00
8408,80,11250.00
8412,80,10500.00
8416,80,10500.00
8420,80,10500.00
8424,80,10500.00
8428,80,9750.00
8432,80,10500.00
8436,80,10500.00
8440,80,10500.00
8444,80,10500.00
8448,80,10500.00
8452,80,10500.00
8456,80,10500.00
8460,80,11250.00
8464,80,10500.00
8468,80,10500.00
8472,80,10500.00
8476,80,10500.00
8480,80,10500.00
8484,80,9750.00
8488,80,11250.00
8492,80,9750.00
8496,80,10500.00
8500,80,10500.00
8504,80,10500.00
8508,80,10500.00
8512,80,10500.00
8516,80,10500.00
8520,80,10500.00
8524,80,11250.00
8528,80,11250.00
8532,80,10500.00
8536,80,9750.00
8540,80,11250.00
8544,80,10500.00
8548,80,10500.00
8552,80,10500.00
8556,80,10500.00
8560,80,10500.00
8564,80,10500.00
8568,80,10500.00
8572,80,10500.00
8576,80,10500.00
8580,80,10500.00
8584,80,10500.00
8588,80,10500.00
8592,80,10500.00
8596,80,10500.00
8600,80,11250.00
8604,80,9750.00
8608,80,11250.00
8612,80,10500.00
8616,80,10500.00
8620,80,10500.00
8624,80,10500.00
8628,80,10500.00
8632,80,10500.00
8636,80,11250.00
8640,80,10500.00
8644,80,10500.00
8648,80,10500.00
8652,80,10500.00
8656,80,10500.00
8660,80,10500.00
8664,80,10500.00
8668,80,10500.00
8672,80,10500.00
8676,80,11250.00
8680,80,10500.00
8684,80,10500.00
8688,80,10500.00
8692,80,10500.00
8696,80,10500.00
8700,80,11250.00
8704,80,10500.00
8708,80,10500.00
8712,80,10500.00
8716,80,10500.00
8720,80,11250.00
8724,80,10500.00
8728,80,10500.00
8732,80,10500.00
8736,80,10500.00
8740,80,10500.00
8744,80,10500.00
8748,80,11250.00
8752,80,10500.00
8756,80,10500.00
8760,80,10500.00
8764,80,10500.00
8768,80,10500.00
8772,80,11250.00
8776,80,10500.00
8780,80,10500.00
8784,80,10500.00
8788,80,11250.00
8792,80,10500.00
8796,80,10500.00
8800,80,10500.00
8804,80,10500.00
8808,80,10500.00
8812,80,11250.00
8816,80,10500.00
8820,80,10500.00
8824,80,10500.00
8828,80,10500.00
8832,80,11250.00
8836,80,10500.00
8840,80,10500.00
8844,80,10500.00
8848,80,10500.00
8852,80,11250.00
8856,80,10500.00
8860,80,10500.00
8864,80,10500.00
8868,80,11250.00
8872,80,10500.00
8876,80,10500.00
8880,80,10500.00
8884,80,10500.00
8888,80,11250.00
8892,80,10500.00
8896,80,10500.00
8900,80,10500.00
8904,80,10500.00
8908,80,11250.00
8912,80,10500.00
8916,80,10500.00
8920,80,10500.00
8924,80,11250.00
8928,80,10500.00
8932,80,10500.00
8936,80,10500.00
8940,80,10500.00
8944,80,11250.00
8948,80,10500.00
8952,80,10500.00
8956,80,10500.00
8960,80,10500.00
8964,80,11250.00
8968,80,10500.00
8972,80,10500.00
8976,80,10500.00
8980,80,11250.00
8984,80,10500.00
8988,80,10500.00
8992,80,10500.00
8996,80,11250.00
9000,80,10500.00
9004,80,10500.00
9008,80,10500.00
9012,80,10500.00
9016,80,11250.00
9020,80,10500.00
9024,80,10500.00
9028,80,10500.00
9032,80,10500.00
9036,80,11250.00
9040,80,10500.00
9044,80,10500.00
9048,80,10500.00
9052,80,11250.00
9056,80,10500.00
9060,80,10500.00
9064,80,10500.00
9068,80,11250.00
9072,80,10500.00
9076,80,10500.00
9080,80,10500.00
9084,80,10500.00
9088,80,11250.00
9092,80,10500.00
9096,80,10500.00
9100,80,10500.00
9104,80,11250.00
9108,80,10500.00
9112,80,10500.00
9116,80,10500.00
9120,80,11250.00
9124,80,10500.00
9128,80,10500.00
9132,80,10500.00
9136,80,11250.00
9140,80,10500.00
9144,80,10500.00
9148,80,10500.00
9152,80,10500.00
9156,80,11250.00
9160,80,10500.00
9164,80,10500.00
9168,80,10500.00
9172,80,11250.00
9176,80,10500.00
9180,80,10500.00
9184,80,10500.00
9188,80,11250.00
9192,80,10500.00
9196,80,10500.00
9200,80,10500.00
9204,80,11250.00
9208,80,10500.00
9212,80,10500.00
9216,80,10500.00
9220,80,10500.00
9224,80,10500.00
9228,80,11250.00
9232,80,10500.00
9236,80,10500.00
9240,80,10500.00
9244,80,11250.00
9248,80,10500.00
9252,80,10500.00
9256,80,10500.00
9260,80,11250.00
9264,80,10500.00
9268,80,10500.00
9272,80,10500.00
9276,80,11250.00
9280,80,10500.00
9284,80,10500.00
9288,80,10500.00
9292,80,10500.00
9296,80,11250.00
9300,80,10500.00
9304,80,10500.00
9308,80,10500.00
9312,80,11250.00
9316,80,10500.00
9320,80,10500.00
9324,80,10500.00
9328,80,11250.00
9332,80,10500.00
9336,80,10500.00
9340,80,10500.00
9344,80,10500.00
9348,80,10500.00
9352,80,11250.00
9356,80,10500.00
9360,80,10500.00
9364,80,10500.00
9368,80,11250.00
9372,80,10500.00
9376,80,10500.00
9380,80,10500.00
9384,80,11250.00
9388,80,10500.00
9392,80,10500.00
9396,80,10500.00
9400,80,11250.00
9404,80,10500.00
9408,80,10500.00
9412,80,10500.00
9416,80,10500.00
9420,80,11250.00
9424,80,10500.00
9428,80,10500.00
9432,80,10500.00
9436,80,11250.00
9440,80,10500.00
9444,80,10500.00
9448,80,10500.00
9452,80,10500.00
9456,80,11250.00
9460,80,10500.00
9464,80,10500.00
9468,80,10500.00
9472,80,10500.00
9476,80,11250.00
9480,80,10500.00
9484,80,10500.00
9488,80,10500.00
9492,80,11250.00
9496,80,10500.00
9500,80,10500.00
9504,80,10500.00
9508,80,11250.00
9512,80,10500.00
9516,80,10500.00
9520,80,10500.00
9524,80,10500.00
9528,80,11250.00
9532,80,10500.00
9536,80,10500.00
9540,80,10500.00
9544,80,10500.00
9548,80,11250.00
9552,80,10500.00
9556,80,10500.00
9560,80,10500.00
9564,80,11250.00
9568,80,10500.00
9572,80,10500.00
9576,80,10500.00
9580,80,11250.00
9584,80,10500.00
9588,80,10500.00
9592,80,10500.00
9596,80,10500.00
9600,80,11250.00
9604,80,10500.00
9608,80,10500.00
9612,80,10500.00
9616,80,11250.00
9620,80,10500.00
9624,80,10500.00
9628,80,10500.00
9632,80,10500.00
9636,80,11250.00
9640,80,10500.00
9644,80,10500.00
9648,80,10500.00
9652,80,10500.00
9656,80,11250.00
9660,80,10500.00
9664,80,10500.00
9668,80,10500.00
9672,80,11250.00
9676,80,10500.00
9680,80,10500.00
9684,80,10500.00
9688,80,11250.00
9692,80,10500.00
9696,80,10500.00
9700,80,10500.00
9704,80,10500.00
9708,80,10500.00
9712,80,11250.00
9716,80,10500.00
9720,80,10500.00
9724,80,10500.00
9728,80,11250.00
9732,80,10500.00
9736,80,10500.00
9740,80,10500.00
9744,80,11250.00
9748,80,10500.00
9752,80,10500.00
9756,80,10500.00
9760,80,10500.00
9764,80,11250.00
9768,80,10500.00
9772,80,10500.00
9776,80,10500.00
9780,80,10500.00
9784,80,11250.00
9788,80,10500.00
9792,80,10500.00
9796,80,10500.00
9800,80,11250.00
9804,80,10500.00
9808,80,10500.00
9812,80,10500.00
9816,80,10500.00
9820,80,11250.00
9824,80,10500.00
9828,80,10500.00
9832,80,10500.00
9836,80,10500.00
9840,80,11250.00
9844,80,10500.00
9848,80,10500.00
9852,80,10500.00
9856,80,11250.00
9860,80,10500.00
9864,80,10500.00
9868,80,10500.00
9872,80,10500.00
9876,80,11250.00
9880,80,10500.00
9884,80,10500.00
9888,80,10500.00
9892,80,10500.00
9896,80,11250.00
9900,80,10500.00
9904,80,10500.00
9908,80,10500.00
9912,80,11250.00
9916,80,10500.00
9920,80,10500.00
9924,80,10500.00
9928,80,10500.00
9932,80,11250.00
9936,80,10500.00
9940,80,10500.00
9944,80,10500.00
9948,80,10500.00
9952,80,11250.00
9956,80,10500.00
9960,80,10500.00
9964,80,10500.00
9968,80,11250.00
9972,80,10500.00
9976,80,10500.00
9980,80,10500.00
9984,80,10500.00
9988,80,11250.00
9992,80,10500.00
9996,80,10500.00
10000,100,10500.00
10004,100,11250.00
10008,100,10500.00
10012,100,10500.00
10016,100,11250.00
10020,100,11250.00
10024,100,11250.00
10028,100,11250.00
10032,100,12000.00
10036,100,11250.00
10040,100,12000.00
10044,100,12000.00
10048,100,11250.00
10052,100,12000.00
10056,100,12000.00
10060,100,12750.00
10064,100,12000.00
10068,100,12000.00
10072,100,12000.00
10076,100,12750.00
10080,100,12750.00
10084,100,12750.00
10088,100,12000.00
10092,100,12750.00
10096,100,12750.00
10100,100,12750.00
10104,100,12750.00
10108,100,12750.00
10112,100,14250.00
10116,100,12750.00
10120,100,12750.00
10124,100,12750.00
10128,100,13500.00
10132,100,12750.00
10136,100,13500.00
10140,100,13500.00
10144,100,12750.00
10148,100,13500.00
10152,100,12750.00
10156,100,13500.00
10160,100,13500.00
10164,100,13500.00
10168,100,13500.00
10172,100,12750.00
10176,100,13500.00
10180,100,13500.00
10184,100,13500.00
10188,100,13500.00
10192,100,13500.00
10196,100,13500.00
10200,100,13500.00
10204,100,14250.00
10208,100,13500.00
10212,100,13500.00
10216,100,13500.00
10220,100,13500.00
10224,100,14250.00
10228,100,13500.00
10232,100,13500.00
10236,100,13500.00
10240,100,14250.00
10244,100,13500.00
10248,100,13500.00
10252,100,14250.00
10256,100,13500.00
10260,100,14250.00
10264,100,13500.00
10268,100,14250.00
10272,100,13500.00
10276,100,14250.00
10280,100,14250.00
10284,100,13500.00
10288,100,14250.00
10292,100,13500.00
10296,100,14250.00
10300,100,13500.00
10304,100,14250.00
10308,100,14250.00
10312,100,13500.00
10316,100,14250.00
10320,100,13500.00
10324,100,14250.00
10328,100,13500.00
10332,100,14250.00
10336,100,13500.00
10340,100,14250.00
10344,100,14250.00
10348,100,13500.00
10352,100,14250.00
10356,100,14250.00
10360,100,14250.00
10364,100,13500.00
10368,100,14250.00
10372,100,14250.00
10376,100,13500.00
10380,100,14250.00
10384,100,13500.00
10388,100,14250.00
10392,100,14250.00
10396,100,13500.00
10400,100,14250.00
10404,100,14250.00
10408,100,14250.00
10412,100,14250.00
10416,100,14250.00
10420,100,14250.00
10424,100,13500.00
10428,100,14250.00
10432,100,15000.00
10436,100,14250.00
10440,100,13500.00
10444,100,15750.00
10448,100,14250.00
10452,100,13500.00
10456,100,14250.00
10460,100,14250.00
10464,100,13500.00
10468,100,14250.00
10472,100,14250.00
10476,100,14250.00
10480,100,14250.00
10484,100,13500.00
10488,100,14250.00
10492,100,14250.00
10496,100,14250.00
10500,100,13500.00
10504,100,14250.00
10508,100,14250.00
10512,100,14250.00
10516,100,13500.00
10520,100,15750.00
10524,100,14250.00
10528,100,13500.00
10532,100,14250.00
10536,100,14250.00
10540,100,14250.00
10544,100,14250.00
10548,100,14250.00
10552,100,13500.00
10556,100,14250.00
10560,100,14250.00
10564,100,14250.00
10568,100,13500.00
10572,100,14250.00
10576,100,14250.00
10580,100,14250.00
10584,100,13500.00
10588,100,15000.00
10592,100,14250.00
10596,100,14250.00
10600,100,13500.00
10604,100,14250.00
10608,100,14250.00
10612,100,14250.00
10616,100,14250.00
10620,100,15000.00
10624,100,14250.00
10628,100,13500.00
10632,100,15000.00
10636,100,14250.00
10640,100,14250.00
10644,100,13500.00
10648,100,14250.00
10652,100,14250.00
10656,100,15000.00
10660,100,13500.00
10664,100,14250.00
10668,100,14250.00
10672,100,14250.00
10676,100,14250.00
10680,100,14250.00
10684,100,14250.00
10688,100,14250.00
10692,100,14250.00
10696,100,15000.00
10700,100,14250.00
10704,100,13500.00
10708,100,14250.00
10712,100,14250.00
10716,100,14250.00
10720,100,13500.00
10724,100,14250.00
10728,100,14250.00
10732,100,14250.00
10736,100,14250.00
10740,100,14250.00
10744,100,14250.00
10748,100,14250.00
10752,100,15000.00
10756,100,14250.00
10760,100,14250.00
10764,100,14250.00
10768,100,13500.00
10772,100,14250.00
10776,100,14250.00
10780,100,15000.00
10784,100,13500.00
10788,100,14250.00
10792,100,14250.00
10796,100,14250.00
10800,100,14250.00
10804,100,13500.00
10808,100,14250.00
10812,100,14250.00
10816,100,15000.00
10820,100,14250.00
10824,100,14250.00
10828,100,14250.00
10832,100,15000.00
10836,100,14250.00
10840,100,14250.00
10844,100,13500.00
10848,100,14250.00
10852,100,14250.00
10856,100,14250.00
10860,100,14250.00
10864,100,14250.00
10868,100,14250.00
10872,100,14250.00
10876,100,14250.00
10880,100,14250.00
10884,100,14250.00
10888,100,14250.00
10892,100,14250.00
10896,100,14250.00
10900,100,14250.00
10904,100,15000.00
10908,100,13500.00
10912,100,14250.00
10916,100,14250.00
10920,100,15000.00
10924,100,13500.00
10928,100,14250.00
10932,100,14250.00
10936,100,14250.00
10940,100,14250.00
10944,100,14250.00
10948,100,13500.00
10952,100,15750.00
10956,100,15000.00
10960,100,15750.00
10964,100,15000.00
10968,100,15000.00
10972,100,14250.00
10976,100,15000.00
10980,100,14250.00
10984,100,14250.00
10988,100,13500.00
10992,100,14250.00
10996,100,14250.00
11000,100,14250.00
11004,100,14250.00
11008,100,13500.00
11012,100,14250.00
11016,100,14250.00
11020,100,15000.00
11024,100,14250.00
11028,100,15000.00
11032,100,14250.00
11036,100,14250.00
11040,100,14250.00
11044,100,15000.00
11048,100,14250.00
11052,100,13500.00
11056,100,14250.00
11060,100,14250.00
11064,100,14250.00
11068,100,14250.00
11072,100,13500.00
11076,100,15750.00
11080,100,14250.00
11084,100,14250.00
11088,100,14250.00
11092,100,14250.00
11096,100,14250.00
11100,100,14250.00
11104,100,14250.00
11108,100,15000.00
11112,100,14250.00
11116,100,14250.00
11120,100,14250.00
11124,100,15000.00
11128,100,15000.00
11132,100,13500.00
11136,100,15000.00
11140,100,14250.00
11144,100,14250.00
11148,100,14250.00
11152,100,14250.00
11156,100,14250.00
11160,100,15000.00
11164,100,13500.00
11168,100,14250.00
11172,100,14250.00
11176,100,14250.00
11180,100,13500.00
11184,100,14250.00
11188,100,15000.00
11192,100,14250.00
11196,100,15000.00
11200,100,13500.00
11204,100,14250.00
11208,100,14250.00
11212,100,14250.00
11216,100,14250.00
11220,100,14250.00
11224,100,14250.00
11228,100,13500.00
11232,100,14250.00
11236,100,14250.00
11240,100,14250.00
11244,100,14250.00
11248,100,13500.00
11252,100,14250.00
11256,100,14250.00
11260,100,14250.00
11264,100,13500.00
11268,100,14250.00
11272,100,14250.00
11276,100,14250.00
11280,100,14250.00
11284,100,14250.00
11288,100,14250.00
11292,100,13500.00
11296,100,14250.00
11300,100,14250.00
11304,100,14250.00
11308,100,15000.00
11312,100,13500.00
11316,100,14250.00
11320,100,14250.00
11324,100,14250.00
11328,100,13500.00
11332,100,14250.00
11336,100,14250.00
11340,100,14250.00
11344,100,14250.00
11348,100,14250.00
11352,100,13500.00
11356,100,14250.00
11360,100,15000.00
11364,100,14250.00
11368,100,14250.00
11372,100,14250.00
11376,100,14250.00
11380,100,14250.00
11384,100,14250.00
11388,100,14250.00
11392,100,13500.00
11396,100,14250.00
11400,100,14250.00
11404,100,14250.00
11408,100,14250.00
11412,100,14250.00
11416,100,13500.00
11420,100,15000.00
11424,100,14250.00
11428,100,14250.00
11432,100,14250.00
11436,100,14250.00
11440,100,13500.00
11444,100,14250.00
11448,100,14250.00
11452,100,14250.00
11456,100,13500.00
11460,100,14250.00
11464,100,14250.00
11468,100,14250.00
11472,100,14250.00
11476,100,14250.00
11480,100,13500.00
11484,100,14250.00
11488,100,14250.00
11492,100,14250.00
11496,100,14250.00
11500,100,14250.00
11504,100,13500.00
11508,100,14250.00
11512,100,14250.00
11516,100,14250.00
11520,100,14250.00
11524,100,13500.00
11528,100,14250.00
11532,100,14250.00
11536,100,14250.00
11540,100,14250.00
11544,100,13500.00
11548,100,14250.00
11552,100,14250.00
11556,100,14250.00
11560,100,14250.00
11564,100,14250.00
11568,100,14250.00
11572,100,13500.00
11576,100,14250.00
11580,100,14250.00
11584,100,14250.00
11588,100,13500.00
11592,100,14250.00
11596,100,14250.00
11600,100,14250.00
11604,100,13500.00
11608,100,14250.00
11612,100,14250.00
11616,100,14250.00
11620,100,14250.00
11624,100,14250.00
11628,100,14250.00
11632,100,13500.00
11636,100,14250.00
11640,100,14250.00
11644,100,14250.00
11648,100,14250.00
11652,100,13500.00
11656,100,14250.00
11660,100,14250.00
11664,100,14250.00
11668,100,13500.00
11672,100,15000.00
11676,100,14250.00
11680,100,14250.00
11684,100,14250.00
11688,100,14250.00
11692,100,14250.00
11696,100,13500.00
11700,100,14250.00
11704,100,14250.00
11708,100,14250.00
11712,100,14250.00
11716,100,13500.00
11720,100,14250.00
11724,100,14250.00
11728,100,14250.00
11732,100,13500.00
11736,100,14250.00
11740,100,14250.00
11744,100,14250.00
11748,100,14250.00
11752,100,14250.00
11756,100,13500.00
11760,100,14250.00
11764,100,14250.00
11768,100,14250.00
11772,100,14250.00
11776,100,14250.00
11780,100,13500.00
11784,100,14250.00
11788,100,14250.00
11792,100,14250.00
11796,100,13500.00
11800,100,14250.00
11804,100,14250.00
11808,100,14250.00
11812,100,14250.00
11816,100,14250.00
11820,100,13500.00
11824,100,14250.00
11828,100,14250.00
11832,100,14250.00
11836,100,14250.00
11840,100,14250.00
11844,100,13500.00
11848,100,14250.00
11852,100,14250.00
11856,100,14250.00
11860,100,13500.00
11864,100,14250.00
11868,100,14250.00
11872,100,14250.00
11876,100,14250.00
11880,100,13500.00
11884,100,14250.00
11888,100,14250.00
11892,100,14250.00
11896,100,14250.00
11900,100,14250.00
11904,100,14250.00
11908,100,13500.00
11912,100,14250.00
11916,100,15750.00
11920,100,14250.00
11924,100,13500.00
11928,100,14250.00
11932,100,14250.00
11936,100,14250.00
11940,100,14250.00
11944,100,13500.00
11948,100,14250.00
11952,100,15000.00
11956,100,14250.00
11960,100,14250.00
11964,100,14250.00
11968,100,14250.00
11972,100,13500.00
11976,100,14250.00
11980,100,14250.00
11984,100,14250.00
11988,100,13500.00
11992,100,15000.00
11996,100,14250.00
12000,100,14250.00
12004,100,14250.00
12008,100,13500.00
12012,100,14250.00
12016,100,14250.00
12020,100,14250.00
12024,100,14250.00
12028,100,14250.00
12032,100,14250.00
12036,100,13500.00
12040,100,14250.00
12044,100,14250.00
12048,100,14250.00
12052,100,13500.00
12056,100,14250.00
12060,100,14250.00
12064,100,14250.00
12068,100,13500.00
12072,100,14250.00
12076,100,14250.00
12080,100,14250.00
12084,100,14250.00
12088,100,14250.00
12092,100,14250.00
12096,100,13500.00
12100,100,14250.00
12104,100,14250.00
12108,100,14250.00
12112,100,14250.00
12116,100,13500.00
12120,100,14250.00
12124,100,14250.00
12128,100,14250.00
12132,100,13500.00
12136,100,14250.00
12140,100,15000.00
12144,100,14250.00
12148,100,14250.00
12152,100,13500.00
12156,100,14250.00
12160,100,14250.00
12164,100,14250.00
12168,100,14250.00
12172,100,14250.00
12176,100,13500.00
12180,100,14250.00
12184,100,14250.00
12188,100,14250.00
12192,100,13500.00
12196,100,14250.00
12200,100,14250.00
12204,100,14250.00
12208,100,13500.00
12212,100,14250.00
12216,100,14250.00
12220,100,14250.00
12224,100,14250.00
12228,100,14250.00
12232,100,14250.00
12236,100,14250.00
12240,100,14250.00
12244,100,14250.00
12248,100,15000.00
12252,100,13500.00
12256,100,14250.00
12260,100,15000.00
12264,100,14250.00
12268,100,13500.00
12272,100,15000.00
12276,100,14250.00
12280,100,14250.00
12284,100,14250.00
12288,100,14250.00
12292,100,14250.00
12296,100,13500.00
12300,100,14250.00
12304,100,14250.00
12308,100,14250.00
12312,100,14250.00
12316,100,13500.00
12320,100,14250.00
12324,100,14250.00
12328,100,14250.00
12332,100,13500.00
12336,100,14250.00
12340,100,14250.00
12344,100,14250.00
12348,100,14250.00
12352,100,13500.00
12356,100,14250.00
12360,100,14250.00
12364,100,14250.00
12368,100,14250.00
12372,100,14250.00
12376,100,13500.00
12380,100,14250.00
12384,100,14250.00
12388,100,14250.00
12392,100,13500.00
12396,100,14250.00
12400,100,14250.00
12404,100,14250.00
12408,100,14250.00
12412,100,13500.00
12416,100,14250.00
12420,100,14250.00
12424,100,14250.00
12428,100,14250.00
12432,100,14250.00
12436,100,13500.00
12440,100,14250.00
12444,100,14250.00
12448,100,14250.00
12452,100,14250.00
12456,100,13500.00
12460,100,14250.00
12464,100,14250.00
12468,100,14250.00
12472,100,13500.00
12476,100,14250.00
12480,100,14250.00
12484,100,14250.00
12488,100,14250.00
12492,100,14250.00
12496,100,13500.00
12500,100,14250.00
12504,100,14250.00
12508,100,14250.00
12512,100,14250.00
12516,100,13500.00
12520,100,14250.00
12524,100,14250.00
12528,100,14250.00
12532,100,13500.00
12536,100,14250.00
12540,100,14250.00
12544,100,15000.00
12548,100,14250.00
12552,100,13500.00
12556,100,14250.00
12560,100,14250.00
12564,100,14250.00
12568,100,14250.00
12572,100,14250.00
12576,100,14250.00
12580,100,13500.00
12584,100,14250.00
12588,100,14250.00
12592,100,14250.00
12596,100,13500.00
12600,100,14250.00
12604,100,14250.00
12608,100,14250.00
12612,100,13500.00
12616,100,14250.00
12620,100,14250.00
12624,100,14250.00
12628,100,14250.00
12632,100,14250.00
12636,100,14250.00
12640,100,14250.00
12644,100,13500.00
12648,100,14250.00
12652,100,14250.00
12656,100,14250.00
12660,100,13500.00
12664,100,14250.00
12668,100,14250.00
12672,100,14250.00
12676,100,13500.00
12680,100,14250.00
12684,100,14250.00
12688,100,14250.00
12692,100,14250.00
12696,100,14250.00
12700,100,14250.00
12704,100,14250.00
12708,100,13500.00
12712,100,14250.00
12716,100,14250.00
12720,100,14250.00
12724,100,13500.00
12728,100,14250.00
12732,100,14250.00
12736,100,14250.00
12740,100,14250.00
12744,100,13500.00
12748,100,14250.00
12752,100,14250.00
12756,100,14250.00
12760,100,14250.00
12764,100,14250.00
12768,100,14250.00
12772,100,13500.00
12776,100,14250.00
12780,100,14250.00
12784,100,14250.00
12788,100,14250.00
12792,100,13500.00
12796,100,14250.00
12800,100,14250.00
12804,100,14250.00
12808,100,13500.00
12812,100,14250.00
12816,100,14250.00
12820,100,14250.00
12824,100,14250.00
12828,100,14250.00
12832,100,14250.00
12836,100,14250.00
12840,100,13500.00
12844,100,14250.00
12848,100,14250.00
12852,100,14250.00
12856,100,13500.00
12860,100,14250.00
12864,100,14250.00
12868,100,14250.00
12872,100,14250.00
12876,100,13500.00
12880,100,14250.00
12884,100,14250.00
12888,100,14250.00
12892,100,14250.00
12896,100,14250.00
12900,100,14250.00
12904,100,13500.00
12908,100,14250.00
12912,100,14250.00
12916,100,14250.00
12920,100,14250.00
12924,100,13500.00
12928,100,14250.00
12932,100,14250.00
12936,100,14250.00
12940,100,13500.00
12944,100,14250.00
12948,100,14250.00
12952,100,14250.00
12956,100,14250.00
12960,100,14250.00
12964,100,14250.00
12968,100,13500.00
12972,100,14250.00
12976,100,14250.00
12980,100,14250.00
12984,100,14250.00
12988,100,13500.00
12992,100,14250.00
12996,100,14250.00
13000,100,14250.00
13004,100,13500.00
13008,100,14250.00
13012,100,14250.00
13016,100,14250.00
13020,100,14250.00
13024,100,14250.00
13028,100,14250.00
13032,100,13500.00
13036,100,14250.00
13040,100,14250.00
13044,100,14250.00
13048,100,14250.00
13052,100,14250.00
13056,100,13500.00
13060,100,14250.00
13064,100,14250.00
13068,100,14250.00
13072,100,13500.00
13076,100,14250.00
13080,100,14250.00
13084,100,14250.00
13088,100,14250.00
13092,100,14250.00
13096,100,14250.00
13100,100,13500.00
13104,100,14250.00
13108,100,14250.00
13112,100,14250.00
13116,100,14250.00
13120,100,14250.00
13124,100,13500.00
13128,100,14250.00
13132,100,14250.00
13136,100,14250.00
13140,100,13500.00
13144,100,14250.00
13148,100,14250.00
13152,100,14250.00
13156,100,14250.00
13160,100,14250.00
13164,100,13500.00
13168,100,14250.00
13172,100,14250.00
13176,100,14250.00
13180,100,14250.00
13184,100,14250.00
13188,100,13500.00
13192,100,14250.00
13196,100,14250.00
13200,100,14250.00
13204,100,13500.00
13208,100,14250.00
13212,100,14250.00
13216,100,14250.00
13220,100,14250.00
13224,100,13500.00
13228,100,14250.00
13232,100,14250.00
13236,100,15000.00
13240,100,14250.00
13244,100,14250.00
13248,100,14250.00
13252,100,13500.00
13256,100,14250.00
13260,100,14250.00
13264,100,14250.00
13268,100,13500.00
13272,100,14250.00
13276,100,14250.00
13280,100,14250.00
13284,100,14250.00
13288,100,13500.00
13292,100,14250.00
13296,100,14250.00
13300,100,14250.00
13304,100,14250.00
13308,100,14250.00
13312,100,14250.00
13316,100,13500.00
13320,100,14250.00
13324,100,14250.00
13328,100,14250.00
13332,100,13500.00
13336,100,15000.00
13340,100,14250.00
13344,100,14250.00
13348,100,14250.00
13352,100,13500.00
13356,100,14250.00
13360,100,15000.00
13364,100,14250.00
13368,100,14250.00
13372,100,14250.00
13376,100,14250.00
13380,100,13500.00
13384,100,14250.00
13388,100,14250.00
13392,100,14250.00
13396,100,13500.00
13400,100,14250.00
13404,100,14250.00
13408,100,14250.00
13412,100,14250.00
13416,100,13500.00
13420,100,14250.00
13424,100,14250.00
13428,100,14250.00
13432,100,14250.00
13436,100,14250.00
13440,100,14250.00
13444,100,13500.00
13448,100,14250.00
13452,100,14250.00
13456,100,14250.00
13460,100,14250.00
13464,100,13500.00
13468,100,14250.00
13472,100,14250.00
13476,100,14250.00
13480,100,13500.00
13484,100,14250.00
13488,100,14250.00
13492,100,14250.00
13496,100,14250.00
13500,100,14250.00
13504,100,13500.00
13508,100,14250.00
13512,100,14250.00
13516,100,14250.00
13520,100,14250.00
13524,100,14250.00
13528,100,13500.00
13532,100,14250.00
13536,100,14250.00
13540,100,15000.00
13544,100,13500.00
13548,100,14250.00
13552,100,14250.00
13556,100,14250.00
13560,100,14250.00
13564,100,14250.00
13568,100,13500.00
13572,100,14250.00
13576,100,14250.00
13580,100,14250.00
13584,100,14250.00
13588,100,14250.00
13592,100,13500.00
13596,100,14250.00
13600,100,14250.00
13604,100,14250.00
13608,100,13500.00
13612,100,14250.00
13616,100,14250.00
13620,100,14250.00
13624,100,14250.00
13628,100,13500.00
13632,100,14250.00
13636,100,14250.00
13640,100,14250.00
13644,100,14250.00
13648,100,14250.00
13652,100,14250.00
13656,100,13500.00
13660,100,14250.00
13664,100,14250.00
13668,100,14250.00
13672,100,13500.00
13676,100,14250.00
13680,100,14250.00
13684,100,14250.00
13688,100,14250.00
13692,100,13500.00
13696,100,14250.00
13700,100,14250.00
13704,100,14250.00
13708,100,14250.00
13712,100,14250.00
13716,100,14250.00
13720,100,14250.00
13724,100,13500.00
13728,100,14250.00
13732,100,14250.00
13736,100,14250.00
13740,100,13500.00
13744,100,14250.00
13748,100,14250.00
13752,100,14250.00
13756,100,14250.00
13760,100,13500.00
13764,100,14250.00
13768,100,14250.00
13772,100,14250.00
13776,100,14250.00
13780,100,14250.00
13784,100,14250.00
13788,100,13500.00
13792,100,14250.00
13796,100,14250.00
13800,100,14250.00
13804,100,13500.00
13808,100,14250.00
13812,100,14250.00
13816,100,14250.00
13820,100,14250.00
13824,100,13500.00
13828,100,14250.00
13832,100,14250.00
13836,100,14250.00
13840,100,14250.00
13844,100,14250.00
13848,100,14250.00
13852,100,13500.00
13856,100,14250.00
13860,100,15000.00
13864,100,14250.00
13868,100,14250.00
13872,100,13500.00
13876,100,14250.00
13880,100,14250.00
13884,100,14250.00
13888,100,13500.00
13892,100,14250.00
13896,100,14250.00
13900,100,14250.00
13904,100,14250.00
13908,100,14250.00
13912,100,14250.00
13916,100,14250.00
13920,100,13500.00
13924,100,14250.00
13928,100,14250.00
13932,100,14250.00
13936,100,13500.00
13940,100,14250.00
13944,100,15000.00
13948,100,14250.00
13952,100,14250.00
13956,100,13500.00
13960,100,14250.00
13964,100,14250.00
13968,100,14250.00
13972,100,14250.00
13976,100,15000.00
13980,100,14250.00
13984,100,13500.00
13988,100,14250.00
13992,100,14250.00
13996,100,14250.00
14000,80,14250.00
14004,80,13500.00
14008,80,15000.00
14012,80,13500.00
14016,80,14250.00
14020,80,13500.00
14024,80,13500.00
14028,80,13500.00
14032,80,13500.00
14036,80,13500.00
14040,80,13500.00
14044,80,12750.00
14048,80,13500.00
14052,80,12750.00
14056,80,12750.00
14060,80,13500.00
14064,80,12750.00
14068,80,12750.00
14072,80,12750.00
14076,80,12750.00
14080,80,12750.00
14084,80,12750.00
14088,80,12000.00
14092,80,12750.00
14096,80,12750.00
14100,80,12000.00
14104,80,12750.00
14108,80,12000.00
14112,80,12750.00
14116,80,12750.00
14120,80,12000.00
14124,80,12000.00
14128,80,12000.00
14132,80,12750.00
14136,80,12000.00
14140,80,12000.00
14144,80,12000.00
14148,80,12000.00
14152,80,12000.00
14156,80,12000.00
14160,80,12000.00
14164,80,11250.00
14168,80,12000.00
14172,80,12000.00
14176,80,11250.00
14180,80,12000.00
14184,80,12000.00
14188,80,11250.00
14192,80,12000.00
14196,80,11250.00
14200,80,12000.00
14204,80,11250.00
14208,80,12000.00
14212,80,11250.00
14216,80,11250.00
14220,80,12000.00
14224,80,11250.00
14228,80,11250.00
14232,80,12000.00
14236,80,11250.00
14240,80,11250.00
14244,80,11250.00
14248,80,12000.00
14252,80,11250.00
14256,80,11250.00
14260,80,11250.00
14264,80,11250.00
14268,80,11250.00
14272,80,11250.00
14276,80,11250.00
14280,80,11250.00
14284,80,11250.00
14288,80,11250.00
14292,80,11250.00
14296,80,11250.00
14300,80,11250.00
14304,80,11250.00
14308,80,11250.00
14312,80,11250.00
14316,80,10500.00
14320,80,11250.00
14324,80,11250.00
14328,80,11250.00
14332,80,11250.00
14336,80,10500.00
14340,80,11250.00
14344,80,11250.00
14348,80,11250.00
14352,80,10500.00
14356,80,11250.00
14360,80,11250.00
14364,80,10500.00
14368,80,11250.00
14372,80,11250.00
14376,80,10500.00
14380,80,11250.00
14384,80,11250.00
14388,80,10500.00
14392,80,11250.00
14396,80,10500.00
14400,80,11250.00
14404,80,11250.00
14408,80,10500.00
14412,80,11250.00
14416,80,10500.00
14420,80,11250.00
14424,80,10500.00
14428,80,11250.00
14432,80,10500.00
14436,80,11250.00
14440,80,10500.00
14444,80,11250.00
14448,80,10500.00
14452,80,11250.00
14456,80,10500.00
14460,80,11250.00
14464,80,10500.00
14468,80,10500.00
14472,80,11250.00
14476,80,10500.00
14480,80,11250.00
14484,80,10500.00
14488,80,11250.00
14492,80,10500.00
14496,80,10500.00
14500,80,11250.00
14504,80,10500.00
14508,80,10500.00
14512,80,11250.00
14516,80,10500.00
14520,80,11250.00
14524,80,10500.00
14528,80,10500.00
14532,80,11250.00
14536,80,10500.00
14540,80,10500.00
14544,80,11250.00
14548,80,10500.00
14552,80,10500.00
14556,80,11250.00
14560,80,10500.00
14564,80,10500.00
14568,80,11250.00
14572,80,10500.00
14576,80,10500.00
14580,80,11250.00
14584,80,10500.00
14588,80,10500.00
14592,80,11250.00
14596,80,10500.00
14600,80,10500.00
14604,80,11250.00
14608,80,10500.00
14612,80,10500.00
14616,80,10500.00
14620,80,11250.00
14624,80,10500.00
14628,80,10500.00
14632,80,10500.00
14636,80,11250.00
14640,80,10500.00
14644,80,10500.00
14648,80,10500.00
14652,80,11250.00
14656,80,10500.00
14660,80,10500.00
14664,80,10500.00
14668,80,11250.00
14672,80,10500.00
14676,80,10500.00
14680,80,10500.00
14684,80,11250.00
14688,80,10500.00
14692,80,10500.00
14696,80,10500.00
14700,80,11250.00
14704,80,10500.00
14708,80,10500.00
14712,80,10500.00
14716,80,11250.00
14720,80,10500.00
14724,80,10500.00
14728,80,10500.00
14732,80,10500.00
14736,80,11250.00
14740,80,10500.00
14744,80,10500.00
14748,80,10500.00
14752,80,11250.00
14756,80,10500.00
14760,80,10500.00
14764,80,10500.00
14768,80,10500.00
14772,80,11250.00
14776,80,10500.00
14780,80,10500.00
14784,80,10500.00
14788,80,10500.00
14792,80,11250.00
14796,80,10500.00
14800,80,10500.00
14804,80,10500.00
14808,80,10500.00
14812,80,11250.00
14816,80,10500.00
14820,80,10500.00
14824,80,10500.00
14828,80,10500.00
14832,80,10500.00
14836,80,11250.00
14840,80,10500.00
14844,80,10500.00
14848,80,10500.00
14852,80,11250.00
14856,80,10500.00
14860,80,10500.00
14864,80,10500.00
14868,80,10500.00
14872,80,10500.00
14876,80,11250.00
14880,80,10500.00
14884,80,10500.00
14888,80,10500.00
14892,80,10500.00
14896,80,10500.00
14900,80,10500.00
14904,80,11250.00
14908,80,10500.00
14912,80,10500.00
14916,80,10500.00
14920,80,11250.00
14924,80,9750.00
14928,80,11250.00
14932,80,10500.00
14936,80,10500.00
14940,80,10500.00
14944,80,10500.00
14948,80,11250.00
14952,80,10500.00
14956,80,10500.00
14960,80,10500.00
14964,80,10500.00
14968,80,10500.00
14972,80,11250.00
14976,80,10500.00
14980,80,10500.00
14984,80,10500.00
14988,80,10500.00
14992,80,10500.00
14996,80,10500.00
15000,80,11250.00
15004,80,10500.00
15008,80,10500.00
15012,80,10500.00
15016,80,10500.00
15020,80,10500.00
15024,80,11250.00
15028,80,10500.00
15032,80,10500.00
15036,80,10500.00
15040,80,10500.00
15044,80,10500.00
15048,80,10500.00
15052,80,11250.00
15056,80,10500.00
15060,80,10500.00
15064,80,10500.00
15068,80,10500.00
15072,80,11250.00
15076,80,10500.00
15080,80,10500.00
15084,80,10500.00
15088,80,10500.00
15092,80,10500.00
15096,80,11250.00
15100,80,10500.00
15104,80,10500.00
15108,80,10500.00
15112,80,10500.00
15116,80,10500.00
15120,80,10500.00
15124,80,11250.00
15128,80,10500.00
15132,80,10500.00
15136,80,10500.00
15140,80,10500.00
15144,80,10500.00
15148,80,10500.00
15152,80,11250.00
15156,80,10500.00
15160,80,10500.00
15164,80,10500.00
15168,80,10500.00
15172,80,10500.00
15176,80,11250.00
15180,80,10500.00
15184,80,10500.00
15188,80,10500.00
15192,80,10500.00
15196,80,10500.00
15200,80,10500.00
15204,80,11250.00
15208,80,10500.00
15212,80,10500.00
15216,80,10500.00
15220,80,10500.00
15224,80,10500.00
15228,80,11250.00
15232,80,10500.00
15236,80,10500.00
15240,80,10500.00
15244,80,10500.00
15248,80,11250.00
15252,80,10500.00
15256,80,10500.00
15260,80,10500.00
15264,80,10500.00
15268,80,10500.00
15272,80,10500.00
15276,80,11250.00
15280,80,10500.00
15284,80,10500.00
15288,80,10500.00
15292,80,10500.00
15296,80,10500.00
15300,80,10500.00
15304,80,11250.00
15308,80,10500.00
15312,80,10500.00
15316,80,10500.00
15320,80,10500.00
15324,80,10500.00
15328,80,11250.00
15332,80,10500.00
15336,80,10500.00
15340,80,10500.00
15344,80,10500.00
15348,80,10500.00
15352,80,10500.00
15356,80,11250.00
15360,80,10500.00
15364,80,10500.00
15368,80,10500.00
15372,80,10500.00
15376,80,10500.00
15380,80,11250.00
15384,80,10500.00
15388,80,10500.00
15392,80,10500.00
15396,80,10500.00
15400,80,10500.00
15404,80,10500.00
15408,80,11250.00
15412,80,10500.00
15416,80,10500.00
15420,80,10500.00
15424,80,11250.00
15428,80,10500.00
15432,80,10500.00
15436,80,10500.00
15440,80,10500.00
15444,80,10500.00
15448,80,11250.00
15452,80,10500.00
15456,80,10500.00
15460,80,10500.00
15464,80,10500.00
15468,80,11250.00
15472,80,10500.00
15476,80,10500.00
15480,80,10500.00
15484,80,11250.00
15488,80,10500.00
15492,80,11250.00
15496,80,10500.00
15500,80,10500.00
15504,80,10500.00
15508,80,10500.00
15512,80,10500.00
15516,80,10500.00
15520,80,11250.00
15524,80,10500.00
15528,80,10500.00
15532,80,10500.00
15536,80,10500.00
15540,80,10500.00
15544,80,11250.00
15548,80,10500.00
15552,80,10500.00
15556,80,10500.00
15560,80,10500.00
15564,80,11250.00
15568,80,10500.00
15572,80,10500.00
15576,80,10500.00
15580,80,10500.00
15584,80,10500.00
15588,80,11250.00
15592,80,10500.00
15596,80,10500.00
15600,80,10500.00
15604,80,10500.00
15608,80,10500.00
15612,80,11250.00
15616,80,10500.00
15620,80,10500.00
15624,80,10500.00
15628,80,10500.00
15632,80,11250.00
15636,80,10500.00
15640,80,10500.00
15644,80,10500.00
15648,80,10500.00
15652,80,10500.00
15656,80,10500.00
15660,80,11250.00
15664,80,10500.00
15668,80,10500.00
15672,80,10500.00
15676,80,10500.00
15680,80,10500.00
15684,80,11250.00
15688,80,10500.00
15692,80,10500.00
15696,80,10500.00
15700,80,10500.00
15704,80,11250.00
15708,80,10500.00
15712,80,10500.00
15716,80,10500.00
15720,80,10500.00
15724,80,10500.00
15728,80,11250.00
15732,80,10500.00
15736,80,11250.00
15740,80,10500.00
15744,80,10500.00
15748,80,10500.00
15752,80,11250.00
15756,80,10500.00
15760,80,10500.00
15764,80,10500.00
15768,80,10500.00
15772,80,11250.00
15776,80,10500.00
15780,80,10500.00
15784,80,10500.00
15788,80,10500.00
15792,80,10500.00
15796,80,11250.00
15800,80,10500.00
15804,80,10500.00
15808,80,10500.00
15812,80,10500.00
15816,80,10500.00
15820,80,11250.00
15824,80,10500.00
15828,80,10500.00
15832,80,10500.00
15836,80,11250.00
15840,80,10500.00
15844,80,10500.00
15848,80,10500.00
15852,80,10500.00
15856,80,10500.00
15860,80,11250.00
15864,80,10500.00
15868,80,10500.00
15872,80,10500.00
15876,80,10500.00
15880,80,11250.00
15884,80,10500.00
15888,80,10500.00
15892,80,10500.00
15896,80,10500.00
15900,80,10500.00
15904,80,11250.00
15908,80,10500.00
15912,80,10500.00
15916,80,10500.00
15920,80,11250.00
15924,80,10500.00
15928,80,10500.00
15932,80,10500.00
15936,80,10500.00
15940,80,10500.00
15944,80,11250.00
15948,80,10500.00
15952,80,10500.00
15956,80,10500.00
15960,80,10500.00
15964,80,11250.00
15968,80,10500.00
15972,80,10500.00
15976,80,10500.00
15980,80,10500.00
15984,80,10500.00
15988,80,11250.00
15992,80,10500.00
15996,80,10500.00
16000,60,10500.00
16004,60,10500.00
16008,60,10500.00
16012,60,10500.00
16016,60,11250.00
16020,60,9750.00
16024,60,10500.00
16028,60,10500.00
16032,60,10500.00
16036,60,10500.00
16040,60,10500.00
16044,60,9750.00
16048,60,10500.00
16052,60,10500.00
16056,60,9750.00
16060,60,10500.00
16064,60,9750.00
16068,60,10500.00
16072,60,9750.00
16076,60,9750.00
16080,60,10500.00
16084,60,9750.00
16088,60,9750.00
16092,60,10500.00
16096,60,9750.00
16100,60,9750.00
16104,60,9750.00
16108,60,9750.00
16112,60,9750.00
16116,60,10500.00
16120,60,9750.00
16124,60,9750.00
16128,60,9750.00
16132,60,9000.00
16136,60,10500.00
16140,60,9000.00
16144,60,9750.00
16148,60,9750.00
16152,60,9000.00
16156,60,9750.00
16160,60,9750.00
16164,60,9000.00
16168,60,9750.00
16172,60,9750.00
16176,60,9000.00
16180,60,9750.00
16184,60,9000.00
16188,60,9750.00
16192,60,9000.00
16196,60,9000.00
16200,60,9750.00
16204,60,9000.00
16208,60,9750.00
16212,60,9000.00
16216,60,9000.00
16220,60,9750.00
16224,60,9000.00
16228,60,9000.00
16232,60,9000.00
16236,60,9000.00
16240,60,9750.00
16244,60,9000.00
16248,60,9000.00
16252,60,9000.00
16256,60,9000.00
16260,60,9000.00
16264,60,9000.00
16268,60,9000.00
16272,60,9000.00
16276,60,9000.00
16280,60,9000.00
16284,60,9000.00
16288,60,8250.00
16292,60,9750.00
16296,60,8250.00
16300,60,9000.00
16304,60,9000.00
16308,60,9000.00
16312,60,9000.00
16316,60,8250.00
16320,60,9000.00
16324,60,9000.00
16328,60,8250.00
16332,60,9000.00
16336,60,9000.00
16340,60,8250.00
16344,60,9000.00
16348,60,8250.00
16352,60,9000.00
16356,60,9000.00
16360,60,8250.00
16364,60,9000.00
16368,60,8250.00
16372,60,9000.00
16376,60,8250.00
16380,60,9000.00
16384,60,8250.00
16388,60,9000.00
16392,60,8250.00
16396,60,9000.00
16400,60,8250.00
16404,60,8250.00
16408,60,9000.00
16412,60,8250.00
16416,60,9000.00
16420,60,8250.00
16424,60,8250.00
16428,60,9000.00
16432,60,8250.00
16436,60,8250.00
16440,60,8250.00
16444,60,9000.00
16448,60,8250.00
16452,60,9000.00
16456,60,8250.00
16460,60,8250.00
16464,60,8250.00
16468,60,8250.00
16472,60,9000.00
16476,60,8250.00
16480,60,8250.00
16484,60,8250.00
16488,60,9000.00
16492,60,8250.00
16496,60,8250.00
16500,60,8250.00
16504,60,8250.00
16508,60,9000.00
16512,60,8250.00
16516,60,8250.00
16520,60,8250.00
16524,60,8250.00
16528,60,8250.00
16532,60,8250.00
16536,60,9000.00
16540,60,8250.00
16544,60,8250.00
16548,60,8250.00
16552,60,8250.00
16556,60,8250.00
16560,60,8250.00
16564,60,8250.00
16568,60,8250.00
16572,60,8250.00
16576,60,8250.00
16580,60,9000.00
16584,60,7500.00
16588,60,9000.00
16592,60,8250.00
16596,60,8250.00
16600,60,8250.00
16604,60,8250.00
16608,60,8250.00
16612,60,8250.00
16616,60,8250.00
16620,60,8250.00
16624,60,8250.00
16628,60,8250.00
16632,60,8250.00
16636,60,8250.00
16640,60,8250.00
16644,60,8250.00
16648,60,8250.00
16652,60,8250.00
16656,60,8250.00
16660,60,8250.00
16664,60,8250.00
16668,60,8250.00
16672,60,8250.00
16676,60,8250.00
16680,60,8250.00
16684,60,8250.00
16688,60,8250.00
16692,60,8250.00
16696,60,8250.00
16700,60,8250.00
16704,60,8250.00
16708,60,8250.00
16712,60,8250.00
16716,60,8250.00
16720,60,8250.00
16724,60,8250.00
16728,60,8250.00
16732,60,8250.00
16736,60,8250.00
16740,60,8250.00
16744,60,7500.00
16748,60,9000.00
16752,60,7500.00
16756,60,8250.00
16760,60,8250.00
16764,60,8250.00
16768,60,8250.00
16772,60,8250.00
16776,60,8250.00
16780,60,8250.00
16784,60,8250.00
16788,60,8250.00
16792,60,8250.00
16796,60,8250.00
16800,60,8250.00
16804,60,8250.00
16808,60,8250.00
16812,60,8250.00
16816,60,7500.00
16820,60,8250.00
16824,60,8250.00
16828,60,8250.00
16832,60,8250.00
16836,60,8250.00
16840,60,8250.00
16844,60,8250.00
16848,60,8250.00
16852,60,8250.00
16856,60,8250.00
16860,60,8250.00
16864,60,8250.00
16868,60,7500.00
16872,60,8250.00
16876,60,8250.00
16880,60,8250.00
16884,60,8250.00
16888,60,8250.00
16892,60,8250.00
16896,60,8250.00
16900,60,8250.00
16904,60,8250.00
16908,60,8250.00
16912,60,7500.00
16916,60,9000.00
16920,60,7500.00
16924,60,8250.00
16928,60,8250.00
16932,60,8250.00
16936,60,8250.00
16940,60,8250.00
16944,60,8250.00
16948,60,8250.00
16952,60,8250.00
16956,60,8250.00
16960,60,8250.00
16964,60,7500.00
16968,60,8250.00
16972,60,8250.00
16976,60,8250.00
16980,60,8250.00
16984,60,8250.00
16988,60,8250.00
16992,60,8250.00
16996,60,8250.00
17000,60,8250.00
17004,60,8250.00
17008,60,7500.00
17012,60,8250.00
17016,60,8250.00
17020,60,8250.00
17024,60,8250.00
17028,60,8250.00
17032,60,8250.00
17036,60,8250.00
17040,60,8250.00
17044,60,8250.00
17048,60,8250.00
17052,60,7500.00
17056,60,9000.00
17060,60,7500.00
17064,60,8250.00
17068,60,8250.00
17072,60,8250.00
17076,60,8250.00
17080,60,8250.00
17084,60,8250.00
17088,60,8250.00
17092,60,8250.00
17096,60,8250.00
17100,60,8250.00
17104,60,7500.00
17108,60,8250.00
17112,60,8250.00
17116,60,8250.00
17120,60,8250.00
17124,60,8250.00
17128,60,8250.00
17132,60,8250.00
17136,60,8250.00
17140,60,8250.00
17144,60,8250.00
17148,60,8250.00
17152,60,8250.00
17156,60,7500.00
17160,60,8250.00
17164,60,8250.00
17168,60,8250.00
17172,60,8250.00
17176,60,8250.00
17180,60,8250.00
17184,60,8250.00
17188,60,8250.00
17192,60,8250.00
17196,60,8250.00
17200,60,8250.00
17204,60,8250.00
17208,60,8250.00
17212,60,7500.00
17216,60,8250.00
17220,60,8250.00
17224,60,8250.00
17228,60,8250.00
17232,60,8250.00
17236,60,8250.00
17240,60,8250.00
17244,60,8250.00
17248,60,8250.00
17252,60,8250.00
17256,60,8250.00
17260,60,8250.00
17264,60,7500.00
17268,60,9000.00
17272,60,7500.00
17276,60,8250.00
17280,60,8250.00
17284,60,8250.00
17288,60,8250.00
17292,60,8250.00
17296,60,8250.00
17300,60,8250.00
17304,60,8250.00
17308,60,8250.00
17312,60,8250.00
17316,60,8250.00
17320,60,8250.00
17324,60,9000.00
17328,60,8250.00
17332,60,8250.00
17336,60,7500.00
17340,60,8250.00
17344,60,8250.00
17348,60,8250.00
17352,60,8250.00
17356,60,8250.00
17360,60,8250.00
17364,60,8250.00
17368,60,8250.00
17372,60,8250.00
17376,60,8250.00
17380,60,8250.00
17384,60,8250.00
17388,60,8250.00
17392,60,8250.00
17396,60,8250.00
17400,60,8250.00
17404,60,8250.00
17408,60,8250.00
17412,60,8250.00
17416,60,8250.00
17420,60,8250.00
17424,60,7500.00
17428,60,9000.00
17432,60,7500.00
17436,60,9000.00
17440,60,7500.00
17444,60,8250.00
17448,60,8250.00
17452,60,8250.00
17456,60,8250.00
17460,60,8250.00
17464,60,8250.00
17468,60,8250.00
17472,60,8250.00
17476,60,8250.00
17480,60,8250.00
17484,60,8250.00
17488,60,8250.00
17492,60,8250.00
17496,60,8250.00
17500,60,8250.00
17504,60,8250.00
17508,60,8250.00
17512,60,8250.00
17516,60,8250.00
17520,60,8250.00
17524,60,8250.00
17528,60,8250.00
17532,60,8250.00
17536,60,8250.00
17540,60,8250.00
17544,60,8250.00
17548,60,8250.00
17552,60,8250.00
17556,60,8250.00
17560,60,8250.00
17564,60,8250.00
17568,60,8250.00
17572,60,8250.00
17576,60,8250.00
17580,60,8250.00
17584,60,8250.00
17588,60,8250.00
17592,60,8250.00
17596,60,8250.00
17600,60,8250.00
17604,60,8250.00
17608,60,8250.00
17612,60,8250.00
17616,60,8250.00
17620,60,8250.00
17624,60,8250.00
17628,60,8250.00
17632,60,8250.00
17636,60,8250.00
17640,60,8250.00
17644,60,8250.00
17648,60,8250.00
17652,60,8250.00
17656,60,8250.00
17660,60,8250.00
17664,60,8250.00
17668,60,8250.00
17672,60,8250.00
17676,60,8250.00
17680,60,8250.00
17684,60,8250.00
17688,60,8250.00
17692,60,8250.00
17696,60,8250.00
17700,60,8250.00
17704,60,8250.00
17708,60,8250.00
17712,60,8250.00
17716,60,8250.00
17720,60,8250.00
17724,60,8250.00
17728,60,8250.00
17732,60,8250.00
17736,60,8250.00
17740,60,8250.00
17744,60,8250.00
17748,60,8250.00
17752,60,8250.00
17756,60,8250.00
17760,60,8250.00
17764,60,8250.00
17768,60,8250.00
17772,60,8250.00
17776,60,8250.00
17780,60,8250.00
17784,60,8250.00
17788,60,8250.00
17792,60,8250.00
17796,60,8250.00
17800,60,8250.00
17804,60,8250.00
17808,60,8250.00
17812,60,8250.00
17816,60,8250.00
17820,60,8250.00
17824,60,8250.00
17828,60,8250.00
17832,60,8250.00
17836,60,8250.00
17840,60,8250.00
17844,60,8250.00
17848,60,8250.00
17852,60,8250.00
17856,60,8250.00
17860,60,8250.00
17864,60,9000.00
17868,60,7500.00
17872,60,9000.00
17876,60,8250.00
17880,60,8250.00
17884,60,8250.00
17888,60,8250.00
17892,60,8250.00
17896,60,8250.00
17900,60,8250.00
17904,60,8250.00
17908,60,8250.00
17912,60,8250.00
17916,60,8250.00
17920,60,8250.00
17924,60,8250.00
17928,60,8250.00
17932,60,8250.00
17936,60,8250.00
17940,60,8250.00
17944,60,8250.00
17948,60,8250.00
17952,60,8250.00
17956,60,8250.00
17960,60,9000.00
17964,60,8250.00
17968,60,8250.00
17972,60,8250.00
17976,60,8250.00
17980,60,8250.00
17984,60,8250.00
17988,60,8250.00
17992,60,8250.00
17996,60,8250.00
18000,40,8250.00
18004,40,8250.00
18008,40,8250.00
18012,40,8250.00
18016,40,8250.00
18020,40,8250.00
18024,40,8250.00
18028,40,7500.00
18032,40,8250.00
18036,40,8250.00
18040,40,8250.00
18044,40,7500.00
18048,40,8250.00
18052,40,7500.00
18056,40,8250.00
18060,40,7500.00
18064,40,8250.00
18068,40,7500.00
18072,40,7500.00
18076,40,8250.00
18080,40,7500.00
18084,40,7500.00
18088,40,7500.00
18092,40,8250.00
18096,40,7500.00
18100,40,7500.00
18104,40,7500.00
18108,40,7500.00
18112,40,7500.00
18116,40,7500.00
18120,40,7500.00
18124,40,7500.00
18128,40,7500.00
18132,40,6750.00
18136,40,7500.00
18140,40,7500.00
18144,40,7500.00
18148,40,7500.00
18152,40,6750.00
18156,40,7500.00
18160,40,6750.00
18164,40,7500.00
18168,40,7500.00
18172,40,6750.00
18176,40,7500.00
18180,40,6750.00
18184,40,7500.00
18188,40,6750.00
18192,40,7500.00
18196,40,6750.00
18200,40,6750.00
18204,40,7500.00
18208,40,6750.00
18212,40,6750.00
18216,40,7500.00
18220,40,6750.00
18224,40,6750.00
18228,40,6750.00
18232,40,6750.00
18236,40,7500.00
18240,40,6750.00
18244,40,6750.00
18248,40,6750.00
18252,40,6750.00
18256,40,6750.00
18260,40,6750.00
18264,40,6750.00
18268,40,6750.00
18272,40,6750.00
18276,40,6750.00
18280,40,6750.00
18284,40,6000.00
18288,40,6750.00
18292,40,6750.00
18296,40,6750.00
18300,40,6750.00
18304,40,6000.00
18308,40,6750.00
18312,40,6750.00
18316,40,6750.00
18320,40,6000.00
18324,40,6750.00
18328,40,6000.00
18332,40,6750.00
18336,40,6750.00
18340,40,6000.00
18344,40,6750.00
18348,40,6000.00
18352,40,6750.00
18356,40,6000.00
18360,40,6750.00
18364,40,6000.00
18368,40,6750.00
18372,40,6000.00
18376,40,6750.00
18380,40,6000.00
18384,40,6000.00
18388,40,6750.00
18392,40,6000.00
18396,40,6000.00
18400,40,6750.00
18404,40,6000.00
18408,40,6000.00
18412,40,6750.00
18416,40,6000.00
18420,40,6000.00
18424,40,6000.00
18428,40,6000.00
18432,40,6750.00
18436,40,6000.00
18440,40,6000.00
18444,40,6000.00
18448,40,6000.00
18452,40,6000.00
18456,40,6000.00
18460,40,6000.00
18464,40,6000.00
18468,40,6750.00
18472,40,5250.00
18476,40,6750.00
18480,40,6000.00
18484,40,5250.00
18488,40,6750.00
18492,40,5250.00
18496,40,6000.00
18500,40,6000.00
18504,40,6000.00
18508,40,6000.00
18512,40,6000.00
18516,40,6000.00
18520,40,6000.00
18524,40,5250.00
18528,40,6000.00
18532,40,6000.00
18536,40,6000.00
18540,40,6000.00
18544,40,6000.00
18548,40,5250.00
18552,40,6000.00
18556,40,6000.00
18560,40,6000.00
18564,40,5250.00
18568,40,6000.00
18572,40,6000.00
18576,40,5250.00
18580,40,6000.00
18584,40,6000.00
18588,40,5250.00
18592,40,6000.00
18596,40,6000.00
18600,40,5250.00
18604,40,6000.00
18608,40,6000.00
18612,40,5250.00
18616,40,6000.00
18620,40,5250.00
18624,40,6000.00
18628,40,5250.00
18632,40,6000.00
18636,40,5250.00
18640,40,6000.00
18644,40,6000.00
18648,40,5250.00
18652,40,5250.00
18656,40,6000.00
18660,40,5250.00
18664,40,6000.00
18668,40,5250.00
18672,40,6000.00
18676,40,5250.00
18680,40,5250.00
18684,40,6000.00
18688,40,5250.00
18692,40,6000.00
18696,40,5250.00
18700,40,5250.00
18704,40,6000.00
18708,40,5250.00
18712,40,5250.00
18716,40,6000.00
18720,40,5250.00
18724,40,5250.00
18728,40,6000.00
18732,40,5250.00
18736,40,5250.00
18740,40,6000.00
18744,40,5250.00
18748,40,5250.00
18752,40,5250.00
18756,40,6000.00
18760,40,5250.00
18764,40,5250.00
18768,40,5250.00
18772,40,6000.00
18776,40,5250.00
18780,40,5250.00
18784,40,5250.00
18788,40,5250.00
18792,40,5250.00
18796,40,6000.00
18800,40,5250.00
18804,40,5250.00
18808,40,5250.00
18812,40,5250.00
18816,40,5250.00
18820,40,6000.00
18824,40,5250.00
18828,40,5250.00
18832,40,5250.00
18836,40,5250.00
18840,40,5250.00
18844,40,5250.00
18848,40,5250.00
18852,40,6000.00
18856,40,5250.00
18860,40,5250.00
18864,40,5250.00
18868,40,5250.00
18872,40,5250.00
18876,40,5250.00
18880,40,5250.00
18884,40,5250.00
18888,40,5250.00
18892,40,5250.00
18896,40,5250.00
18900,40,5250.00
18904,40,5250.00
18908,40,5250.00
18912,40,5250.00
18916,40,5250.00
18920,40,5250.00
18924,40,5250.00
18928,40,5250.00
18932,40,5250.00
18936,40,5250.00
18940,40,5250.00
18944,40,5250.00
18948,40,5250.00
18952,40,5250.00
18956,40,5250.00
18960,40,5250.00
18964,40,4500.00
18968,40,5250.00
18972,40,5250.00
18976,40,5250.00
18980,40,5250.00
18984,40,5250.00
18988,40,5250.00
18992,40,5250.00
18996,40,5250.00
19000,40,5250.00
19004,40,5250.00
19008,40,4500.00
19012,40,5250.00
19016,40,5250.00
19020,40,5250.00
19024,40,5250.00
19028,40,5250.00
19032,40,4500.00
19036,40,5250.00
19040,40,5250.00
19044,40,5250.00
19048,40,5250.00
19052,40,5250.00
19056,40,4500.00
19060,40,5250.00
19064,40,5250.00
19068,40,5250.00
19072,40,5250.00
19076,40,5250.00
19080,40,4500.00
19084,40,5250.00
19088,40,5250.00
19092,40,5250.00
19096,40,5250.00
19100,40,4500.00
19104,40,5250.00
19108,40,5250.00
19112,40,5250.00
19116,40,4500.00
19120,40,5250.00
19124,40,5250.00
19128,40,5250.00
19132,40,4500.00
19136,40,5250.00
19140,40,5250.00
19144,40,5250.00
19148,40,4500.00
19152,40,5250.00
19156,40,5250.00
19160,40,4500.00
19164,40,5250.00
19168,40,5250.00
19172,40,5250.00
19176,40,4500.00
19180,40,5250.00
19184,40,5250.00
19188,40,5250.00
19192,40,4500.00
19196,40,5250.00
19200,40,5250.00
19204,40,4500.00
19208,40,5250.00
19212,40,5250.00
19216,40,4500.00
19220,40,5250.00
19224,40,5250.00
19228,40,5250.00
19232,40,4500.00
19236,40,5250.00
19240,40,5250.00
19244,40,4500.00
19248,40,5250.00
19252,40,5250.00
19256,40,4500.00
19260,40,5250.00
19264,40,4500.00
19268,40,5250.00
19272,40,5250.00
19276,40,4500.00
19280,40,5250.00
19284,40,5250.00
19288,40,4500.00
19292,40,5250.00
19296,40,4500.00
19300,40,5250.00
19304,40,5250.00
19308,40,4500.00
19312,40,5250.00
19316,40,5250.00
19320,40,4500.00
19324,40,5250.00
19328,40,4500.00
19332,40,5250.00
19336,40,5250.00
19340,40,4500.00
19344,40,5250.00
19348,40,5250.00
19352,40,4500.00
19356,40,5250.00
19360,40,4500.00
19364,40,5250.00
19368,40,4500.00
19372,40,5250.00
19376,40,5250.00
19380,40,4500.00
19384,40,5250.00
19388,40,4500.00
19392,40,5250.00
19396,40,5250.00
19400,40,4500.00
19404,40,5250.00
19408,40,4500.00
19412,40,5250.00
19416,40,4500.00
19420,40,5250.00
19424,40,4500.00
19428,40,5250.00
19432,40,5250.00
19436,40,4500.00
19440,40,5250.00
19444,40,4500.00
19448,40,5250.00
19452,40,4500.00
19456,40,5250.00
19460,40,4500.00
19464,40,5250.00
19468,40,4500.00
19472,40,5250.00
19476,40,4500.00
19480,40,5250.00
19484,40,5250.00
19488,40,4500.00
19492,40,5250.00
19496,40,4500.00
19500,40,5250.00
19504,40,4500.00
19508,40,5250.00
19512,40,4500.00
19516,40,5250.00
19520,40,4500.00
19524,40,5250.00
19528,40,4500.00
19532,40,5250.00
19536,40,4500.00
19540,40,5250.00
19544,40,4500.00
19548,40,5250.00
19552,40,4500.00
19556,40,5250.00
19560,40,4500.00
19564,40,5250.00
19568,40,4500.00
19572,40,5250.00
19576,40,4500.00
19580,40,5250.00
19584,40,4500.00
19588,40,5250.00
19592,40,4500.00
19596,40,5250.00
19600,40,4500.00
19604,40,5250.00
19608,40,4500.00
19612,40,4500.00
19616,40,5250.00
19620,40,5250.00
19624,40,4500.00
19628,40,4500.00
19632,40,5250.00
19636,40,4500.00
19640,40,5250.00
19644,40,4500.00
19648,40,5250.00
19652,40,4500.00
19656,40,5250.00
19660,40,4500.00
19664,40,5250.00
19668,40,4500.00
19672,40,4500.00
19676,40,5250.00
19680,40,5250.00
19684,40,4500.00
19688,40,4500.00
19692,40,5250.00
19696,40,4500.00
19700,40,5250.00
19704,40,4500.00
19708,40,5250.00
19712,40,4500.00
19716,40,5250.00
19720,40,4500.00
19724,40,4500.00
19728,40,5250.00
19732,40,4500.00
19736,40,5250.00
19740,40,4500.00
19744,40,5250.00
19748,40,4500.00
19752,40,5250.00
19756,40,4500.00
19760,40,4500.00
19764,40,5250.00
19768,40,4500.00
19772,40,5250.00
19776,40,4500.00
19780,40,5250.00
19784,40,4500.00
19788,40,4500.00
19792,40,5250.00
19796,40,4500.00
19800,40,5250.00
19804,40,4500.00
19808,40,4500.00
19812,40,5250.00
19816,40,4500.00
19820,40,5250.00
19824,40,4500.00
19828,40,5250.00
19832,40,4500.00
19836,40,4500.00
19840,40,5250.00
19844,40,4500.00
19848,40,5250.00
19852,40,4500.00
19856,40,5250.00
19860,40,4500.00
19864,40,4500.00
19868,40,5250.00
19872,40,4500.00
19876,40,5250.00
19880,40,4500.00
19884,40,4500.00
19888,40,5250.00
19892,40,4500.00
19896,40,5250.00
19900,40,4500.00
19904,40,4500.00
19908,40,5250.00
19912,40,4500.00
19916,40,5250.00
19920,40,4500.00
19924,40,4500.00
19928,40,5250.00
19932,40,4500.00
19936,40,4500.00
19940,40,5250.00
19944,40,4500.00
19948,40,5250.00
19952,40,4500.00
19956,40,4500.00
19960,40,5250.00
19964,40,4500.00
19968,40,5250.00
19972,40,4500.00
19976,40,4500.00
19980,40,5250.00
19984,40,4500.00
19988,40,4500.00
19992,40,5250.00
19996,40,4500.00
20000,20,4500.00
20004,20,5250.00
20008,20,4500.00
20012,20,4500.00
20016,20,4500.00
20020,20,4500.00
20024,20,4500.00
20028,20,5250.00
20032,20,4500.00
20036,20,4500.00
20040,20,4500.00
20044,20,3750.00
20048,20,4500.00
20052,20,4500.00
20056,20,4500.00
20060,20,4500.00
20064,20,3750.00
20068,20,4500.00
20072,20,4500.00
20076,20,3750.00
20080,20,4500.00
20084,20,3750.00
20088,20,4500.00
20092,20,3750.00
20096,20,3750.00
20100,20,4500.00
20104,20,3750.00
20108,20,3750.00
20112,20,3750.00
20116,20,4500.00
20120,20,3750.00
20124,20,3750.00
20128,20,3750.00
20132,20,3750.00
20136,20,3750.00
20140,20,3750.00
20144,20,3750.00
20148,20,3750.00
20152,20,3000.00
20156,20,3750.00
20160,20,3750.00
20164,20,3750.00
20168,20,3000.00
20172,20,3750.00
20176,20,3000.00
20180,20,3750.00
20184,20,3750.00
20188,20,3000.00
20192,20,3750.00
20196,20,3000.00
20200,20,3750.00
20204,20,3000.00
20208,20,3000.00
20212,20,3000.00
20216,20,3750.00
20220,20,3000.00
20224,20,3000.00
20228,20,3000.00
20232,20,3000.00
20236,20,3750.00
20240,20,3000.00
20244,20,3000.00
20248,20,3000.00
20252,20,3000.00
20256,20,3000.00
20260,20,3000.00
20264,20,2250.00
20268,20,3000.00
20272,20,3000.00
20276,20,3000.00
20280,20,3000.00
20284,20,2250.00
20288,20,3000.00
20292,20,3000.00
20296,20,2250.00
20300,20,3000.00
20304,20,2250.00
20308,20,3000.00
20312,20,2250.00
20316,20,3000.00
20320,20,2250.00
20324,20,3000.00
20328,20,2250.00
20332,20,2250.00
20336,20,3000.00
20340,20,2250.00
20344,20,2250.00
20348,20,3000.00
20352,20,2250.00
20356,20,2250.00
20360,20,2250.00
20364,20,2250.00
20368,20,2250.00
20372,20,2250.00
20376,20,2250.00
20380,20,2250.00
20384,20,2250.00
20388,20,2250.00
20392,20,2250.00
20396,20,2250.00
20400,20,2250.00
20404,20,2250.00
20408,20,1500.00
20412,20,2250.00
20416,20,2250.00
20420,20,2250.00
20424,20,1500.00
20428,20,2250.00
20432,20,2250.00
20436,20,1500.00
20440,20,2250.00
20444,20,1500.00
20448,20,2250.00
20452,20,1500.00
20456,20,2250.00
20460,20,1500.00
20464,20,2250.00
20468,20,1500.00
20472,20,1500.00
20476,20,2250.00
20480,20,1500.00
20484,20,1500.00
20488,20,2250.00
20492,20,1500.00
20496,20,1500.00
20500,20,1500.00
20504,20,1500.00
20508,20,1500.00
20512,20,1500.00
20516,20,2250.00
20520,20,1500.00
20524,20,1500.00
20528,20,1500.00
20532,20,1500.00
20536,20,1500.00
20540,20,1500.00
20544,20,750.00
20548,20,1500.00
20552,20,1500.00
20556,20,1500.00
20560,20,1500.00
20564,20,1500.00
20568,20,750.00
20572,20,1500.00
20576,20,1500.00
20580,20,1500.00
20584,20,750.00
20588,20,1500.00
20592,20,750.00
20596,20,1500.00
20600,20,1500.00
20604,20,750.00
20608,20,1500.00
20612,20,750.00
20616,20,1500.00
20620,20,750.00
20624,20,1500.00
20628,20,750.00
20632,20,750.00
20636,20,1500.00
20640,20,750.00
20644,20,750.00
20648,20,1500.00
20652,20,750.00
20656,20,750.00
20660,20,750.00
20664,20,1500.00
20668,20,750.00
20672,20,750.00
20676,20,750.00
20680,20,750.00
20684,20,750.00
20688,20,750.00
20692,20,1500.00
20696,20,750.00
20700,20,750.00
20704,20,750.00
20708,20,750.00
20712,20,0.00
20716,20,750.00
20720,20,750.00
20724,20,750.00
20728,20,750.00
20732,20,750.00
20736,20,750.00
20740,20,0.00
20744,20,750.00
20748,20,750.00
20752,20,750.00
20756,20,750.00
20760,20,0.00
20764,20,750.00
20768,20,750.00
20772,20,0.00
20776,20,750.00
20780,20,750.00
20784,20,0.00
20788,20,750.00
20792,20,0.00
20796,20,750.00
20800,20,0.00
20804,20,750.00
20808,20,0.00
20812,20,750.00
20816,20,0.00
20820,20,750.00
20824,20,0.00
20828,20,750.00
20832,20,0.00
20836,20,0.00
20840,20,0.00
20844,20,750.00
20848,20,0.00
20852,20,0.00
20856,20,0.00
20860,20,0.00
20864,20,750.00
20868,20,0.00
20872,20,0.00
20876,20,0.00
20880,20,750.00
20884,20,0.00
20888,20,0.00
20892,20,0.00
20896,20,0.00
20900,20,0.00
20904,20,0.00
20908,20,0.00
20912,20,0.00
20916,20,0.00
20920,20,0.00
20924,20,0.00
20928,20,0.00
20932,20,0.00
20936,20,0.00
20940,20,0.00
20944,20,0.00
20948,20,0.00
20952,20,0.00
20956,20,0.00
20960,20,0.00
20964,20,0.00
20968,20,0.00
20972,20,0.00
20976,20,0.00
20980,20,0.00
20984,20,0.00
20988,20,0.00
20992,20,0.00
20996,20,0.00
21000,20,0.00
21004,20,0.00
21008,20,0.00
21012,20,0.00
21016,20,0.00
21020,20,0.00
21024,20,0.00
21028,20,0.00
21032,20,0.00
21036,20,0.00
21040,20,0.00
21044,20,0.00
21048,20,0.00
21052,20,0.00
21056,20,0.00
21060,20,0.00
21064,20,0.00
21068,20,0.00
21072,20,0.00
21076,20,0.00
21080,20,0.00
21084,20,0.00
21088,20,0.00
21092,20,0.00
21096,20,0.00
21100,20,0.00
21104,20,0.00
21108,20,0.00
21112,20,0.00
21116,20,0.00
21120,20,0.00
21124,20,0.00
21128,20,0.00
21132,20,0.00
21136,20,0.00
21140,20,0.00
21144,20,0.00
21148,20,0.00
21152,20,0.00
21156,20,0.00
21160,20,0.00
21164,20,0.00
21168,20,0.00
21172,20,0.00
21176,20,0.00
21180,20,0.00
21184,20,0.00
21188,20,0.00
21192,20,0.00
21196,20,0.00
21200,20,0.00
21204,20,0.00
21208,20,0.00
21212,20,0.00
21216,20,0.00
21220,20,0.00
21224,20,0.00
21228,20,0.00
21232,20,0.00
21236,20,0.00
21240,20,0.00
21244,20,0.00
21248,20,0.00
21252,20,0.00
21256,20,0.00
21260,20,0.00
21264,20,0.00
21268,20,0.00
21272,20,0.00
21276,20,0.00
21280,20,0.00
21284,20,0.00
21288,20,0.00
21292,20,0.00
21296,20,0.00
21300,20,0.00
21304,20,0.00
21308,20,0.00
21312,20,0.00
21316,20,0.00
21320,20,0.00
21324,20,0.00
21328,20,0.00
21332,20,0.00
21336,20,0.00
21340,20,0.00
21344,20,0.00
21348,20,0.00
21352,20,0.00
21356,20,0.00
21360,20,0.00
21364,20,0.00
21368,20,0.00
21372,20,0.00
21376,20,0.00
21380,20,0.00
21384,20,0.00
21388,20,0.00
21392,20,0.00
21396,20,0.00
21400,20,0.00
21404,20,0.00
21408,20,0.00
21412,20,0.00
21416,20,0.00
21420,20,0.00
21424,20,0.00
21428,20,0.00
21432,20,0.00
21436,20,0.00
21440,20,0.00
21444,20,0.00
21448,20,0.00
21452,20,0.00
21456,20,0.00
21460,20,0.00
21464,20,0.00
21468,20,0.00
21472,20,0.00
21476,20,0.00
21480,20,0.00
21484,20,0.00
21488,20,0.00
21492,20,0.00
21496,20,0.00
21500,20,0.00
21504,20,0.00
21508,20,0.00
21512,20,0.00
21516,20,0.00
21520,20,0.00
21524,20,0.00
21528,20,0.00
21532,20,0.00
21536,20,0.00
21540,20,0.00
21544,20,0.00
21548,20,0.00
21552,20,0.00
21556,20,0.00
21560,20,0.00
21564,20,0.00
21568,20,0.00
21572,20,0.00
21576,20,0.00
21580,20,0.00
21584,20,0.00
21588,20,0.00
21592,20,0.00
21596,20,0.00
21600,20,0.00
21604,20,0.00
21608,20,0.00
21612,20,0.00
21616,20,0.00
21620,20,0.00
21624,20,0.00
21628,20,0.00
21632,20,0.00
21636,20,0.00
21640,20,0.00
21644,20,0.00
21648,20,0.00
21652,20,0.00
21656,20,0.00
21660,20,0.00
21664,20,0.00
21668,20,0.00
21672,20,0.00
21676,20,0.00
21680,20,0.00
21684,20,0.00
21688,20,0.00
21692,20,0.00
21696,20,0.00
21700,20,0.00
21704,20,0.00
21708,20,0.00
21712,20,0.00
21716,20,0.00
21720,20,0.00
21724,20,0.00
21728,20,0.00
21732,20,0.00
21736,20,0.00
21740,20,0.00
21744,20,0.00
21748,20,0.00
21752,20,0.00
21756,20,0.00
21760,20,0.00
21764,20,0.00
21768,20,0.00
21772,20,0.00
21776,20,0.00
21780,20,0.00
21784,20,0.00
21788,20,0.00
21792,20,0.00
21796,20,0.00
21800,20,0.00
21804,20,0.00
21808,20,0.00
21812,20,0.00
21816,20,0.00
21820,20,0.00
21824,20,0.00
21828,20,0.00
21832,20,0.00
21836,20,0.00
21840,20,0.00
21844,20,0.00
21848,20,0.00
21852,20,0.00
21856,20,0.00
21860,20,0.00
21864,20,0.00
21868,20,0.00
21872,20,0.00
21876,20,0.00
21880,20,0.00
21884,20,0.00
21888,20,0.00
21892,20,0.00
21896,20,0.00
21900,20,0.00
21904,20,0.00
21908,20,0.00
21912,20,0.00
21916,20,0.00
21920,20,0.00
21924,20,0.00
21928,20,0.00
21932,20,0.00
21936,20,0.00
21940,20,0.00
21944,20,0.00
21948,20,0.00
21952,20,0.00
21956,20,0.00
21960,20,0.00
21964,20,0.00
21968,20,0.00
21972,20,0.00
21976,20,0.00
21980,20,0.00
21984,20,0.00
21988,20,0.00
21992,20,0.00
21996,20,0.00
22000,0,0.00
22004,0,0.00
22008,0,0.00
22012,0,0.00
22016,0,0.00
22020,0,0.00
22024,0,0.00
22028,0,0.00
22032,0,0.00
22036,0,0.00
22040,0,0.00
22044,0,0.00
22048,0,0.00
22052,0,0.00
22056,0,0.00
22060,0,0.00
22064,0,0.00
22068,0,0.00
22072,0,0.00
22076,0,0.00
22080,0,0.00
22084,0,0.00
22088,0,0.00
22092,0,0.00
22096,0,0.00
22100,0,0.00
22104,0,0.00
22108,0,0.00
22112,0,0.00
22116,0,0.00
22120,0,0.00
22124,0,0.00
22128,0,0.00
22132,0,0.00
22136,0,0.00
22140,0,0.00
22144,0,0.00
22148,0,0.00
22152,0,0.00
22156,0,0.00
22160,0,0.00
22164,0,0.00
22168,0,0.00
22172,0,0.00
22176,0,0.00
22180,0,0.00
22184,0,0.00
22188,0,0.00
22192,0,0.00
22196,0,0.00
22200,0,0.00
22204,0,0.00
22208,0,0.00
22212,0,0.00
22216,0,0.00
22220,0,0.00
22224,0,0.00
22228,0,0.00
22232,0,0.00
22236,0,0.00
22240,0,0.00
22244,0,0.00
22248,0,0.00
22252,0,0.00
22256,0,0.00
22260,0,0.00
22264,0,0.00
22268,0,0.00
22272,0,0.00
22276,0,0.00
22280,0,0.00
22284,0,0.00
22288,0,0.00
22292,0,0.00
22296,0,0.00
22300,0,0.00
22304,0,0.00
22308,0,0.00
22312,0,0.00
22316,0,0.00
22320,0,0.00
22324,0,0.00
22328,0,0.00
22332,0,0.00
22336,0,0.00
22340,0,0.00
22344,0,0.00
22348,0,0.00
22352,0,0.00
22356,0,0.00
22360,0,0.00
22364,0,0.00
22368,0,0.00
22372,0,0.00
22376,0,0.00
22380,0,0.00
22384,0,0.00
22388,0,0.00
22392,0,0.00
22396,0,0.00
22400,0,0.00
22404,0,0.00
22408,0,0.00
22412,0,0.00
22416,0,0.00
22420,0,0.00
22424,0,0.00
22428,0,0.00
22432,0,0.00
22436,0,0.00
22440,0,0.00
22444,0,0.00
22448,0,0.00
22452,0,0.00
22456,0,0.00
22460,0,0.00
22464,0,0.00
22468,0,0.00
22472,0,0.00
22476,0,0.00
22480,0,0.00
22484,0,0.00
22488,0,0.00
22492,0,0.00
22496,0,0.00
22500,0,0.00
22504,0,0.00
22508,0,0.00
22512,0,0.00
22516,0,0.00
22520,0,0.00
22524,0,0.00
22528,0,0.00
22532,0,0.00
22536,0,0.00
22540,0,0.00
22544,0,0.00
22548,0,0.00
22552,0,0.00
22556,0,0.00
22560,0,0.00
22564,0,0.00
22568,0,0.00
22572,0,0.00
22576,0,0.00
22580,0,0.00
22584,0,0.00
22588,0,0.00
22592,0,0.00
22596,0,0.00
22600,0,0.00
22604,0,0.00
22608,0,0.00
22612,0,0.00
22616,0,0.00
22620,0,0.00
22624,0,0.00
22628,0,0.00
22632,0,0.00
22636,0,0.00
22640,0,0.00
22644,0,0.00
22648,0,0.00
22652,0,0.00
22656,0,0.00
22660,0,0.00
22664,0,0.00
22668,0,0.00
22672,0,0.00
22676,0,0.00
22680,0,0.00
22684,0,0.00
22688,0,0.00
22692,0,0.00
22696,0,0.00
22700,0,0.00
22704,0,0.00
22708,0,0.00
22712,0,0.00
22716,0,0.00
22720,0,0.00
22724,0,0.00
22728,0,0.00
22732,0,0.00
22736,0,0.00
22740,0,0.00
22744,0,0.00
22748,0,0.00
22752,0,0.00
22756,0,0.00
22760,0,0.00
22764,0,0.00
22768,0,0.00
22772,0,0.00
22776,0,0.00
22780,0,0.00
22784,0,0.00
22788,0,0.00
22792,0,0.00
22796,0,0.00
22800,0,0.00
22804,0,0.00
22808,0,0.00
22812,0,0.00
22816,0,0.00
22820,0,0.00
22824,0,0.00
22828,0,0.00
22832,0,0.00
22836,0,0.00
22840,0,0.00
22844,0,0.00
22848,0,0.00
22852,0,0.00
22856,0,0.00
22860,0,0.00
22864,0,0.00
22868,0,0.00
22872,0,0.00
22876,0,0.00
22880,0,0.00
22884,0,0.00
22888,0,0.00
22892,0,0.00
22896,0,0.00
22900,0,0.00
22904,0,0.00
22908,0,0.00
22912,0,0.00
22916,0,0.00
22920,0,0.00
22924,0,0.00
22928,0,0.00
22932,0,0.00
22936,0,0.00
22940,0,0.00
22944,0,0.00
22948,0,0.00
22952,0,0.00
22956,0,0.00
22960,0,0.00
22964,0,0.00
22968,0,0.00
22972,0,0.00
22976,0,0.00
22980,0,0.00
22984,0,0.00
22988,0,0.00
22992,0,0.00
22996,0,0.00
23000,0,0.00
23004,0,0.00
23008,0,0.00
23012,0,0.00
23016,0,0.00
23020,0,0.00
23024,0,0.00
23028,0,0.00
23032,0,0.00
23036,0,0.00
23040,0,0.00
23044,0,0.00
23048,0,0.00
23052,0,0.00
23056,0,0.00
23060,0,0.00
23064,0,0.00
23068,0,0.00
23072,0,0.00
23076,0,0.00
23080,0,0.00
23084,0,0.00
23088,0,0.00
23092,0,0.00
23096,0,0.00
23100,0,0.00
23104,0,0.00
23108,0,0.00
23112,0,0.00
23116,0,0.00
23120,0,0.00
23124,0,0.00
23128,0,0.00
23132,0,0.00
23136,0,0.00
23140,0,0.00
23144,0,0.00
23148,0,0.00
23152,0,0.00
23156,0,0.00
23160,0,0.00
23164,0,0.00
23168,0,0.00
23172,0,0.00
23176,0,0.00
23180,0,0.00
23184,0,0.00
23188,0,0.00
23192,0,0.00
23196,0,0.00
23200,0,0.00
23204,0,0.00
23208,0,0.00
23212,0,0.00
23216,0,0.00
23220,0,0.00
23224,0,0.00
23228,0,0.00
23232,0,0.00
23236,0,0.00
23240,0,0.00
23244,0,0.00
23248,0,0.00
23252,0,0.00
23256,0,0.00
23260,0,0.00
23264,0,0.00
23268,0,0.00
23272,0,0.00
23276,0,0.00
23280,0,0.00
23284,0,0.00
23288,0,0.00
23292,0,0.00
23296,0,0.00
23300,0,0.00
23304,0,0.00
23308,0,0.00
23312,0,0.00
23316,0,0.00
23320,0,0.00
23324,0,0.00
23328,0,0.00
23332,0,0.00
23336,0,0.00
23340,0,0.00
23344,0,0.00
23348,0,0.00
23352,0,0.00
23356,0,0.00
23360,0,0.00
23364,0,0.00
23368,0,0.00
23372,0,0.00
23376,0,0.00
23380,0,0.00
23384,0,0.00
23388,0,0.00
23392,0,0.00
23396,0,0.00
23400,0,0.00
23404,0,0.00
23408,0,0.00
23412,0,0.00
23416,0,0.00
23420,0,0.00
23424,0,0.00
23428,0,0.00
23432,0,0.00
23436,0,0.00
23440,0,0.00
23444,0,0.00
23448,0,0.00
23452,0,0.00
23456,0,0.00
23460,0,0.00
23464,0,0.00
23468,0,0.00
23472,0,0.00
23476,0,0.00
23480,0,0.00
23484,0,0.00
23488,0,0.00
23492,0,0.00
23496,0,0.00
23500,0,0.00
23504,0,0.00
23508,0,0.00
23512,0,0.00
23516,0,0.00
23520,0,0.00
23524,0,0.00
23528,0,0.00
23532,0,0.00
23536,0,0.00
23540,0,0.00
23544,0,0.00
23548,0,0.00
23552,0,0.00
23556,0,0.00
23560,0,0.00
23564,0,0.00
23568,0,0.00
23572,0,0.00
23576,0,0.00
23580,0,0.00
23584,0,0.00
23588,0,0.00
23592,0,0.00
23596,0,0.00
23600,0,0.00
23604,0,0.00
23608,0,0.00
23612,0,0.00
23616,0,0.00
23620,0,0.00
23624,0,0.00
23628,0,0.00
23632,0,0.00
23636,0,0.00
23640,0,0.00
23644,0,0.00
23648,0,0.00
23652,0,0.00
23656,0,0.00
23660,0,0.00
23664,0,0.00
23668,0,0.00
23672,0,0.00
23676,0,0.00
23680,0,0.00
23684,0,0.00
23688,0,0.00
23692,0,0.00
23696,0,0.00
23700,0,0.00
23704,0,0.00
23708,0,0.00
23712,0,0.00
23716,0,0.00
23720,0,0.00
23724,0,0.00
23728,0,0.00
23732,0,0.00
23736,0,0.00
23740,0,0.00
23744,0,0.00
23748,0,0.00
23752,0,0.00
23756,0,0.00
23760,0,0.00
23764,0,0.00
23768,0,0.00
23772,0,0.00
23776,0,0.00
23780,0,0.00
23784,0,0.00
23788,0,0.00
23792,0,0.00
23796,0,0.00
23800,0,0.00
23804,0,0.00
23808,0,0.00
23812,0,0.00
23816,0,0.00
23820,0,0.00
23824,0,0.00
23828,0,0.00
23832,0,0.00
23836,0,0.00
23840,0,0.00
23844,0,0.00
23848,0,0.00
23852,0,0.00
23856,0,0.00
23860,0,0.00
23864,0,0.00
23868,0,0.00
23872,0,0.00
23876,0,0.00
23880,0,0.00
23884,0,0.00
23888,0,0.00
23892,0,0.00
23896,0,0.00
23900,0,0.00
23904,0,0.00
23908,0,0.00
23912,0,0.00
23916,0,0.00
23920,0,0.00
23924,0,0.00
23928,0,0.00
23932,0,0.00
23936,0,0.00
23940,0,0.00
23944,0,0.00
23948,0,0.00
23952,0,0.00
23956,0,0.00
23960,0,0.00
23964,0,0.00
23968,0,0.00
23972,0,0.00
23976,0,0.00
23980,0,0.00
23984,0,0.00
23988,0,0.00
23992,0,0.00
23996,0,0.00
